#0 building with "default" instance using docker driver

#1 [internal] load build definition from Dockerfile
#1 transferring dockerfile: 5.24kB done
#1 DONE 0.0s

#2 [internal] load metadata for docker.io/pytorch/pytorch:2.0.1-cuda11.7-cudnn8-devel
#2 DONE 1.6s

#3 [internal] load .dockerignore
#3 transferring context: 2B done
#3 DONE 0.0s

#4 [internal] load build context
#4 transferring context: 23.45kB done
#4 DONE 0.0s

#5 [ 1/10] FROM docker.io/pytorch/pytorch:2.0.1-cuda11.7-cudnn8-devel@sha256:4f66166dd757752a6a6a9284686b4078e92337cd9d12d2e14d2d46274dfa9048
#5 resolve docker.io/pytorch/pytorch:2.0.1-cuda11.7-cudnn8-devel@sha256:4f66166dd757752a6a6a9284686b4078e92337cd9d12d2e14d2d46274dfa9048 done
#5 sha256:4f66166dd757752a6a6a9284686b4078e92337cd9d12d2e14d2d46274dfa9048 3.68kB / 3.68kB done
#5 sha256:846c0b181fff0c667d9444f8378e8fcfa13116da8d308bf21673f7e4bea8d580 0B / 28.58MB 0.1s
#5 sha256:0343fab37dbdcfc79717e0ee8d7dc401f2a7003ce9a318b44225a62c10b2e52a 0B / 7.91MB 0.1s
#5 sha256:42a0e9b621e250719cb14f3d28fd423d795f2d85edaee81b582640ae44e93a09 20.68kB / 20.68kB done
#5 sha256:713ab758de5c712ded54bf361bf901cac5d3f6cb6373f7a2ef1db0259a05cc0c 0B / 47.88MB 0.1s
#5 sha256:846c0b181fff0c667d9444f8378e8fcfa13116da8d308bf21673f7e4bea8d580 3.15MB / 28.58MB 1.0s
#5 sha256:0343fab37dbdcfc79717e0ee8d7dc401f2a7003ce9a318b44225a62c10b2e52a 1.05MB / 7.91MB 2.5s
#5 sha256:846c0b181fff0c667d9444f8378e8fcfa13116da8d308bf21673f7e4bea8d580 5.24MB / 28.58MB 3.7s
#5 sha256:713ab758de5c712ded54bf361bf901cac5d3f6cb6373f7a2ef1db0259a05cc0c 3.15MB / 47.88MB 4.1s
#5 sha256:0343fab37dbdcfc79717e0ee8d7dc401f2a7003ce9a318b44225a62c10b2e52a 2.10MB / 7.91MB 4.9s
#5 sha256:713ab758de5c712ded54bf361bf901cac5d3f6cb6373f7a2ef1db0259a05cc0c 6.29MB / 47.88MB 5.8s
#5 sha256:713ab758de5c712ded54bf361bf901cac5d3f6cb6373f7a2ef1db0259a05cc0c 9.44MB / 47.88MB 7.6s
#5 sha256:0343fab37dbdcfc79717e0ee8d7dc401f2a7003ce9a318b44225a62c10b2e52a 3.15MB / 7.91MB 8.4s
#5 sha256:846c0b181fff0c667d9444f8378e8fcfa13116da8d308bf21673f7e4bea8d580 6.29MB / 28.58MB 8.8s
#5 sha256:713ab758de5c712ded54bf361bf901cac5d3f6cb6373f7a2ef1db0259a05cc0c 12.58MB / 47.88MB 9.2s
#5 sha256:713ab758de5c712ded54bf361bf901cac5d3f6cb6373f7a2ef1db0259a05cc0c 15.73MB / 47.88MB 10.8s
#5 sha256:0343fab37dbdcfc79717e0ee8d7dc401f2a7003ce9a318b44225a62c10b2e52a 4.19MB / 7.91MB 12.1s
#5 sha256:713ab758de5c712ded54bf361bf901cac5d3f6cb6373f7a2ef1db0259a05cc0c 18.87MB / 47.88MB 13.0s
#5 sha256:0343fab37dbdcfc79717e0ee8d7dc401f2a7003ce9a318b44225a62c10b2e52a 5.24MB / 7.91MB 13.6s
#5 sha256:846c0b181fff0c667d9444f8378e8fcfa13116da8d308bf21673f7e4bea8d580 8.39MB / 28.58MB 13.8s
#5 sha256:0343fab37dbdcfc79717e0ee8d7dc401f2a7003ce9a318b44225a62c10b2e52a 6.29MB / 7.91MB 14.9s
#5 sha256:846c0b181fff0c667d9444f8378e8fcfa13116da8d308bf21673f7e4bea8d580 10.49MB / 28.58MB 16.3s
#5 sha256:0343fab37dbdcfc79717e0ee8d7dc401f2a7003ce9a318b44225a62c10b2e52a 7.34MB / 7.91MB 16.3s
#5 sha256:713ab758de5c712ded54bf361bf901cac5d3f6cb6373f7a2ef1db0259a05cc0c 22.02MB / 47.88MB 17.0s
#5 sha256:0343fab37dbdcfc79717e0ee8d7dc401f2a7003ce9a318b44225a62c10b2e52a 7.91MB / 7.91MB 17.0s done
#5 sha256:34a29b29369c6dd258bd6b95b6020ce0672375c47c9a5788a90f0c2df784a270 0B / 187B 17.2s
#5 sha256:34a29b29369c6dd258bd6b95b6020ce0672375c47c9a5788a90f0c2df784a270 187B / 187B 17.2s done
#5 sha256:d5b3d7d26c3817886ecf860901a4832c6e35088f57e52fac1f8ad4765ebabb7a 0B / 6.43kB 17.3s
#5 sha256:d5b3d7d26c3817886ecf860901a4832c6e35088f57e52fac1f8ad4765ebabb7a 6.43kB / 6.43kB 17.5s done
#5 sha256:8d7ddd137efb816d8241a2b238c619500a90f26505cfec4140f11b55ce1157bb 0B / 1.09GB 17.5s
#5 sha256:846c0b181fff0c667d9444f8378e8fcfa13116da8d308bf21673f7e4bea8d580 12.58MB / 28.58MB 18.4s
#5 sha256:713ab758de5c712ded54bf361bf901cac5d3f6cb6373f7a2ef1db0259a05cc0c 25.17MB / 47.88MB 20.7s
#5 sha256:846c0b181fff0c667d9444f8378e8fcfa13116da8d308bf21673f7e4bea8d580 14.68MB / 28.58MB 21.2s
#5 sha256:8d7ddd137efb816d8241a2b238c619500a90f26505cfec4140f11b55ce1157bb 3.15MB / 1.09GB 22.6s
#5 sha256:846c0b181fff0c667d9444f8378e8fcfa13116da8d308bf21673f7e4bea8d580 16.78MB / 28.58MB 23.7s
#5 sha256:713ab758de5c712ded54bf361bf901cac5d3f6cb6373f7a2ef1db0259a05cc0c 28.31MB / 47.88MB 24.6s
#5 sha256:846c0b181fff0c667d9444f8378e8fcfa13116da8d308bf21673f7e4bea8d580 18.87MB / 28.58MB 26.4s
#5 sha256:8d7ddd137efb816d8241a2b238c619500a90f26505cfec4140f11b55ce1157bb 7.34MB / 1.09GB 27.7s
#5 sha256:713ab758de5c712ded54bf361bf901cac5d3f6cb6373f7a2ef1db0259a05cc0c 31.46MB / 47.88MB 28.4s
#5 sha256:846c0b181fff0c667d9444f8378e8fcfa13116da8d308bf21673f7e4bea8d580 20.97MB / 28.58MB 29.0s
#5 sha256:846c0b181fff0c667d9444f8378e8fcfa13116da8d308bf21673f7e4bea8d580 23.07MB / 28.58MB 32.0s
#5 sha256:713ab758de5c712ded54bf361bf901cac5d3f6cb6373f7a2ef1db0259a05cc0c 34.60MB / 47.88MB 32.1s
#5 sha256:8d7ddd137efb816d8241a2b238c619500a90f26505cfec4140f11b55ce1157bb 10.49MB / 1.09GB 32.7s
#5 sha256:846c0b181fff0c667d9444f8378e8fcfa13116da8d308bf21673f7e4bea8d580 25.17MB / 28.58MB 34.4s
#5 sha256:713ab758de5c712ded54bf361bf901cac5d3f6cb6373f7a2ef1db0259a05cc0c 37.75MB / 47.88MB 36.0s
#5 sha256:846c0b181fff0c667d9444f8378e8fcfa13116da8d308bf21673f7e4bea8d580 27.26MB / 28.58MB 37.1s
#5 sha256:8d7ddd137efb816d8241a2b238c619500a90f26505cfec4140f11b55ce1157bb 14.68MB / 1.09GB 37.8s
#5 sha256:846c0b181fff0c667d9444f8378e8fcfa13116da8d308bf21673f7e4bea8d580 28.58MB / 28.58MB 38.5s done
#5 sha256:435f0417c8c03cba392ec7a1714bc69a8175f45a0514d0665b74b28335b14884 0B / 62.31kB 38.5s
#5 extracting sha256:846c0b181fff0c667d9444f8378e8fcfa13116da8d308bf21673f7e4bea8d580 0.1s
#5 sha256:435f0417c8c03cba392ec7a1714bc69a8175f45a0514d0665b74b28335b14884 62.31kB / 62.31kB 38.8s done
#5 sha256:e5ded0ebc4016fff4cb9f0c70f0c3ce8a3e68ff5f49936fc62af083e797af294 0B / 1.68kB 38.9s
#5 extracting sha256:846c0b181fff0c667d9444f8378e8fcfa13116da8d308bf21673f7e4bea8d580 0.6s done
#5 sha256:e5ded0ebc4016fff4cb9f0c70f0c3ce8a3e68ff5f49936fc62af083e797af294 1.68kB / 1.68kB 39.0s done
#5 sha256:8625dee38d858753c0478a95083b4391cf46fbbd7268f00529fdb43b8018d684 0B / 1.52kB 39.2s
#5 extracting sha256:0343fab37dbdcfc79717e0ee8d7dc401f2a7003ce9a318b44225a62c10b2e52a
#5 sha256:8625dee38d858753c0478a95083b4391cf46fbbd7268f00529fdb43b8018d684 1.52kB / 1.52kB 39.3s done
#5 extracting sha256:0343fab37dbdcfc79717e0ee8d7dc401f2a7003ce9a318b44225a62c10b2e52a 0.1s done
#5 sha256:31b4cbf1dca73d4c751a998814c1ce9c8cdd761f274c73782270e6f7fe73cdab 0B / 1.42GB 39.3s
#5 sha256:713ab758de5c712ded54bf361bf901cac5d3f6cb6373f7a2ef1db0259a05cc0c 40.89MB / 47.88MB 39.5s
#5 sha256:8d7ddd137efb816d8241a2b238c619500a90f26505cfec4140f11b55ce1157bb 18.87MB / 1.09GB 42.9s
#5 sha256:713ab758de5c712ded54bf361bf901cac5d3f6cb6373f7a2ef1db0259a05cc0c 44.04MB / 47.88MB 43.4s
#5 sha256:31b4cbf1dca73d4c751a998814c1ce9c8cdd761f274c73782270e6f7fe73cdab 4.19MB / 1.42GB 44.4s
#5 sha256:8d7ddd137efb816d8241a2b238c619500a90f26505cfec4140f11b55ce1157bb 22.02MB / 1.09GB 48.1s
#5 sha256:713ab758de5c712ded54bf361bf901cac5d3f6cb6373f7a2ef1db0259a05cc0c 47.19MB / 47.88MB 48.3s
#5 sha256:31b4cbf1dca73d4c751a998814c1ce9c8cdd761f274c73782270e6f7fe73cdab 9.44MB / 1.42GB 49.4s
#5 sha256:713ab758de5c712ded54bf361bf901cac5d3f6cb6373f7a2ef1db0259a05cc0c 47.88MB / 47.88MB 49.5s done
#5 extracting sha256:713ab758de5c712ded54bf361bf901cac5d3f6cb6373f7a2ef1db0259a05cc0c 0.1s
#5 sha256:f9334d026a1621c2906b9ba8170f3d20a1b5bf527da3e30197d5085e86a7a492 0B / 85.31kB 49.5s
#5 sha256:f9334d026a1621c2906b9ba8170f3d20a1b5bf527da3e30197d5085e86a7a492 85.31kB / 85.31kB 49.8s done
#5 sha256:e26e23da3e450407731a7a5802ac87d332f8507880fc8277ee1c319273b120e6 0B / 1.15GB 49.9s
#5 extracting sha256:713ab758de5c712ded54bf361bf901cac5d3f6cb6373f7a2ef1db0259a05cc0c 0.5s done
#5 extracting sha256:34a29b29369c6dd258bd6b95b6020ce0672375c47c9a5788a90f0c2df784a270 done
#5 extracting sha256:d5b3d7d26c3817886ecf860901a4832c6e35088f57e52fac1f8ad4765ebabb7a done
#5 sha256:8d7ddd137efb816d8241a2b238c619500a90f26505cfec4140f11b55ce1157bb 25.17MB / 1.09GB 53.1s
#5 sha256:31b4cbf1dca73d4c751a998814c1ce9c8cdd761f274c73782270e6f7fe73cdab 13.63MB / 1.42GB 54.5s
#5 sha256:e26e23da3e450407731a7a5802ac87d332f8507880fc8277ee1c319273b120e6 4.19MB / 1.15GB 54.9s
#5 sha256:8d7ddd137efb816d8241a2b238c619500a90f26505cfec4140f11b55ce1157bb 28.31MB / 1.09GB 58.1s
#5 sha256:31b4cbf1dca73d4c751a998814c1ce9c8cdd761f274c73782270e6f7fe73cdab 16.78MB / 1.42GB 59.6s
#5 sha256:e26e23da3e450407731a7a5802ac87d332f8507880fc8277ee1c319273b120e6 8.39MB / 1.15GB 60.0s
#5 sha256:8d7ddd137efb816d8241a2b238c619500a90f26505cfec4140f11b55ce1157bb 31.46MB / 1.09GB 63.2s
#5 sha256:31b4cbf1dca73d4c751a998814c1ce9c8cdd761f274c73782270e6f7fe73cdab 24.12MB / 1.42GB 64.8s
#5 sha256:e26e23da3e450407731a7a5802ac87d332f8507880fc8277ee1c319273b120e6 11.53MB / 1.15GB 65.1s
#5 sha256:8d7ddd137efb816d8241a2b238c619500a90f26505cfec4140f11b55ce1157bb 33.55MB / 1.09GB 68.3s
#5 sha256:31b4cbf1dca73d4c751a998814c1ce9c8cdd761f274c73782270e6f7fe73cdab 30.41MB / 1.42GB 69.9s
#5 sha256:e26e23da3e450407731a7a5802ac87d332f8507880fc8277ee1c319273b120e6 14.68MB / 1.15GB 70.2s
#5 sha256:8d7ddd137efb816d8241a2b238c619500a90f26505cfec4140f11b55ce1157bb 36.70MB / 1.09GB 73.4s
#5 sha256:31b4cbf1dca73d4c751a998814c1ce9c8cdd761f274c73782270e6f7fe73cdab 34.60MB / 1.42GB 74.9s
#5 sha256:e26e23da3e450407731a7a5802ac87d332f8507880fc8277ee1c319273b120e6 18.87MB / 1.15GB 75.3s
#5 sha256:8d7ddd137efb816d8241a2b238c619500a90f26505cfec4140f11b55ce1157bb 40.89MB / 1.09GB 78.5s
#5 sha256:31b4cbf1dca73d4c751a998814c1ce9c8cdd761f274c73782270e6f7fe73cdab 38.80MB / 1.42GB 80.0s
#5 sha256:e26e23da3e450407731a7a5802ac87d332f8507880fc8277ee1c319273b120e6 23.07MB / 1.15GB 80.3s
#5 sha256:8d7ddd137efb816d8241a2b238c619500a90f26505cfec4140f11b55ce1157bb 44.04MB / 1.09GB 83.6s
#5 sha256:31b4cbf1dca73d4c751a998814c1ce9c8cdd761f274c73782270e6f7fe73cdab 42.99MB / 1.42GB 85.1s
#5 sha256:e26e23da3e450407731a7a5802ac87d332f8507880fc8277ee1c319273b120e6 27.26MB / 1.15GB 85.4s
#5 sha256:8d7ddd137efb816d8241a2b238c619500a90f26505cfec4140f11b55ce1157bb 48.23MB / 1.09GB 88.6s
#5 sha256:31b4cbf1dca73d4c751a998814c1ce9c8cdd761f274c73782270e6f7fe73cdab 47.19MB / 1.42GB 90.2s
#5 sha256:e26e23da3e450407731a7a5802ac87d332f8507880fc8277ee1c319273b120e6 31.46MB / 1.15GB 90.6s
#5 sha256:8d7ddd137efb816d8241a2b238c619500a90f26505cfec4140f11b55ce1157bb 52.43MB / 1.09GB 93.7s
#5 sha256:31b4cbf1dca73d4c751a998814c1ce9c8cdd761f274c73782270e6f7fe73cdab 50.33MB / 1.42GB 95.4s
#5 sha256:e26e23da3e450407731a7a5802ac87d332f8507880fc8277ee1c319273b120e6 35.65MB / 1.15GB 95.6s
#5 sha256:8d7ddd137efb816d8241a2b238c619500a90f26505cfec4140f11b55ce1157bb 55.57MB / 1.09GB 98.8s
#5 sha256:31b4cbf1dca73d4c751a998814c1ce9c8cdd761f274c73782270e6f7fe73cdab 54.53MB / 1.42GB 100.4s
#5 sha256:e26e23da3e450407731a7a5802ac87d332f8507880fc8277ee1c319273b120e6 39.85MB / 1.15GB 100.7s
#5 sha256:8d7ddd137efb816d8241a2b238c619500a90f26505cfec4140f11b55ce1157bb 59.77MB / 1.09GB 103.9s
#5 sha256:31b4cbf1dca73d4c751a998814c1ce9c8cdd761f274c73782270e6f7fe73cdab 58.72MB / 1.42GB 105.4s
#5 sha256:e26e23da3e450407731a7a5802ac87d332f8507880fc8277ee1c319273b120e6 44.04MB / 1.15GB 105.8s
#5 sha256:8d7ddd137efb816d8241a2b238c619500a90f26505cfec4140f11b55ce1157bb 63.96MB / 1.09GB 108.9s
#5 sha256:31b4cbf1dca73d4c751a998814c1ce9c8cdd761f274c73782270e6f7fe73cdab 61.87MB / 1.42GB 110.6s
#5 sha256:e26e23da3e450407731a7a5802ac87d332f8507880fc8277ee1c319273b120e6 48.23MB / 1.15GB 110.9s
#5 sha256:8d7ddd137efb816d8241a2b238c619500a90f26505cfec4140f11b55ce1157bb 67.11MB / 1.09GB 114.1s
#5 sha256:31b4cbf1dca73d4c751a998814c1ce9c8cdd761f274c73782270e6f7fe73cdab 66.06MB / 1.42GB 115.7s
#5 sha256:e26e23da3e450407731a7a5802ac87d332f8507880fc8277ee1c319273b120e6 52.43MB / 1.15GB 116.1s
#5 sha256:8d7ddd137efb816d8241a2b238c619500a90f26505cfec4140f11b55ce1157bb 71.30MB / 1.09GB 119.2s
#5 sha256:31b4cbf1dca73d4c751a998814c1ce9c8cdd761f274c73782270e6f7fe73cdab 70.25MB / 1.42GB 120.7s
#5 sha256:e26e23da3e450407731a7a5802ac87d332f8507880fc8277ee1c319273b120e6 56.62MB / 1.15GB 121.4s
#5 sha256:8d7ddd137efb816d8241a2b238c619500a90f26505cfec4140f11b55ce1157bb 75.50MB / 1.09GB 124.3s
#5 sha256:31b4cbf1dca73d4c751a998814c1ce9c8cdd761f274c73782270e6f7fe73cdab 74.45MB / 1.42GB 125.9s
#5 sha256:e26e23da3e450407731a7a5802ac87d332f8507880fc8277ee1c319273b120e6 60.82MB / 1.15GB 126.5s
#5 sha256:8d7ddd137efb816d8241a2b238c619500a90f26505cfec4140f11b55ce1157bb 78.64MB / 1.09GB 129.3s
#5 sha256:31b4cbf1dca73d4c751a998814c1ce9c8cdd761f274c73782270e6f7fe73cdab 78.64MB / 1.42GB 131.0s
#5 sha256:e26e23da3e450407731a7a5802ac87d332f8507880fc8277ee1c319273b120e6 65.01MB / 1.15GB 131.5s
#5 sha256:8d7ddd137efb816d8241a2b238c619500a90f26505cfec4140f11b55ce1157bb 82.84MB / 1.09GB 134.4s
#5 sha256:31b4cbf1dca73d4c751a998814c1ce9c8cdd761f274c73782270e6f7fe73cdab 82.84MB / 1.42GB 136.1s
#5 sha256:e26e23da3e450407731a7a5802ac87d332f8507880fc8277ee1c319273b120e6 69.21MB / 1.15GB 136.5s
#5 sha256:8d7ddd137efb816d8241a2b238c619500a90f26505cfec4140f11b55ce1157bb 87.03MB / 1.09GB 139.5s
#5 sha256:31b4cbf1dca73d4c751a998814c1ce9c8cdd761f274c73782270e6f7fe73cdab 87.03MB / 1.42GB 141.1s
#5 sha256:e26e23da3e450407731a7a5802ac87d332f8507880fc8277ee1c319273b120e6 72.35MB / 1.15GB 141.6s
#5 sha256:8d7ddd137efb816d8241a2b238c619500a90f26505cfec4140f11b55ce1157bb 91.23MB / 1.09GB 144.7s
#5 sha256:31b4cbf1dca73d4c751a998814c1ce9c8cdd761f274c73782270e6f7fe73cdab 91.23MB / 1.42GB 146.2s
#5 sha256:e26e23da3e450407731a7a5802ac87d332f8507880fc8277ee1c319273b120e6 76.55MB / 1.15GB 146.6s
#5 sha256:8d7ddd137efb816d8241a2b238c619500a90f26505cfec4140f11b55ce1157bb 94.37MB / 1.09GB 149.7s
#5 sha256:31b4cbf1dca73d4c751a998814c1ce9c8cdd761f274c73782270e6f7fe73cdab 95.42MB / 1.42GB 151.2s
#5 sha256:e26e23da3e450407731a7a5802ac87d332f8507880fc8277ee1c319273b120e6 80.74MB / 1.15GB 151.8s
#5 sha256:8d7ddd137efb816d8241a2b238c619500a90f26505cfec4140f11b55ce1157bb 98.57MB / 1.09GB 154.7s
#5 sha256:31b4cbf1dca73d4c751a998814c1ce9c8cdd761f274c73782270e6f7fe73cdab 99.61MB / 1.42GB 156.3s
#5 sha256:e26e23da3e450407731a7a5802ac87d332f8507880fc8277ee1c319273b120e6 84.93MB / 1.15GB 156.9s
#5 sha256:8d7ddd137efb816d8241a2b238c619500a90f26505cfec4140f11b55ce1157bb 101.71MB / 1.09GB 159.8s
#5 sha256:31b4cbf1dca73d4c751a998814c1ce9c8cdd761f274c73782270e6f7fe73cdab 103.81MB / 1.42GB 161.4s
#5 sha256:e26e23da3e450407731a7a5802ac87d332f8507880fc8277ee1c319273b120e6 89.13MB / 1.15GB 161.9s
#5 sha256:8d7ddd137efb816d8241a2b238c619500a90f26505cfec4140f11b55ce1157bb 105.91MB / 1.09GB 164.8s
#5 sha256:31b4cbf1dca73d4c751a998814c1ce9c8cdd761f274c73782270e6f7fe73cdab 108.00MB / 1.42GB 166.4s
#5 sha256:e26e23da3e450407731a7a5802ac87d332f8507880fc8277ee1c319273b120e6 92.27MB / 1.15GB 166.9s
#5 sha256:8d7ddd137efb816d8241a2b238c619500a90f26505cfec4140f11b55ce1157bb 110.10MB / 1.09GB 170.0s
#5 sha256:31b4cbf1dca73d4c751a998814c1ce9c8cdd761f274c73782270e6f7fe73cdab 111.15MB / 1.42GB 171.4s
#5 sha256:e26e23da3e450407731a7a5802ac87d332f8507880fc8277ee1c319273b120e6 96.47MB / 1.15GB 172.1s
#5 sha256:8d7ddd137efb816d8241a2b238c619500a90f26505cfec4140f11b55ce1157bb 114.29MB / 1.09GB 175.1s
#5 sha256:31b4cbf1dca73d4c751a998814c1ce9c8cdd761f274c73782270e6f7fe73cdab 115.34MB / 1.42GB 176.5s
#5 sha256:e26e23da3e450407731a7a5802ac87d332f8507880fc8277ee1c319273b120e6 100.66MB / 1.15GB 177.1s
#5 sha256:8d7ddd137efb816d8241a2b238c619500a90f26505cfec4140f11b55ce1157bb 118.49MB / 1.09GB 180.2s
#5 sha256:31b4cbf1dca73d4c751a998814c1ce9c8cdd761f274c73782270e6f7fe73cdab 119.54MB / 1.42GB 181.6s
#5 sha256:e26e23da3e450407731a7a5802ac87d332f8507880fc8277ee1c319273b120e6 104.86MB / 1.15GB 182.2s
#5 sha256:8d7ddd137efb816d8241a2b238c619500a90f26505cfec4140f11b55ce1157bb 122.68MB / 1.09GB 185.2s
#5 sha256:31b4cbf1dca73d4c751a998814c1ce9c8cdd761f274c73782270e6f7fe73cdab 122.68MB / 1.42GB 186.6s
#5 sha256:e26e23da3e450407731a7a5802ac87d332f8507880fc8277ee1c319273b120e6 108.00MB / 1.15GB 187.2s
#5 sha256:8d7ddd137efb816d8241a2b238c619500a90f26505cfec4140f11b55ce1157bb 126.88MB / 1.09GB 190.2s
#5 sha256:31b4cbf1dca73d4c751a998814c1ce9c8cdd761f274c73782270e6f7fe73cdab 126.88MB / 1.42GB 191.7s
#5 sha256:e26e23da3e450407731a7a5802ac87d332f8507880fc8277ee1c319273b120e6 112.20MB / 1.15GB 192.2s
#5 sha256:8d7ddd137efb816d8241a2b238c619500a90f26505cfec4140f11b55ce1157bb 130.02MB / 1.09GB 195.2s
#5 sha256:31b4cbf1dca73d4c751a998814c1ce9c8cdd761f274c73782270e6f7fe73cdab 131.07MB / 1.42GB 196.8s
#5 sha256:e26e23da3e450407731a7a5802ac87d332f8507880fc8277ee1c319273b120e6 116.39MB / 1.15GB 197.2s
#5 sha256:8d7ddd137efb816d8241a2b238c619500a90f26505cfec4140f11b55ce1157bb 134.22MB / 1.09GB 200.3s
#5 sha256:31b4cbf1dca73d4c751a998814c1ce9c8cdd761f274c73782270e6f7fe73cdab 135.27MB / 1.42GB 202.0s
#5 sha256:e26e23da3e450407731a7a5802ac87d332f8507880fc8277ee1c319273b120e6 120.59MB / 1.15GB 202.2s
#5 sha256:8d7ddd137efb816d8241a2b238c619500a90f26505cfec4140f11b55ce1157bb 138.41MB / 1.09GB 205.3s
#5 sha256:31b4cbf1dca73d4c751a998814c1ce9c8cdd761f274c73782270e6f7fe73cdab 139.46MB / 1.42GB 207.1s
#5 sha256:e26e23da3e450407731a7a5802ac87d332f8507880fc8277ee1c319273b120e6 124.78MB / 1.15GB 207.4s
#5 sha256:8d7ddd137efb816d8241a2b238c619500a90f26505cfec4140f11b55ce1157bb 142.61MB / 1.09GB 210.4s
#5 sha256:31b4cbf1dca73d4c751a998814c1ce9c8cdd761f274c73782270e6f7fe73cdab 142.61MB / 1.42GB 212.2s
#5 sha256:e26e23da3e450407731a7a5802ac87d332f8507880fc8277ee1c319273b120e6 127.93MB / 1.15GB 212.4s
#5 sha256:8d7ddd137efb816d8241a2b238c619500a90f26505cfec4140f11b55ce1157bb 145.75MB / 1.09GB 215.4s
#5 sha256:31b4cbf1dca73d4c751a998814c1ce9c8cdd761f274c73782270e6f7fe73cdab 146.80MB / 1.42GB 217.3s
#5 sha256:e26e23da3e450407731a7a5802ac87d332f8507880fc8277ee1c319273b120e6 132.12MB / 1.15GB 217.5s
#5 sha256:8d7ddd137efb816d8241a2b238c619500a90f26505cfec4140f11b55ce1157bb 149.95MB / 1.09GB 220.5s
#5 sha256:31b4cbf1dca73d4c751a998814c1ce9c8cdd761f274c73782270e6f7fe73cdab 150.99MB / 1.42GB 222.4s
#5 sha256:e26e23da3e450407731a7a5802ac87d332f8507880fc8277ee1c319273b120e6 137.36MB / 1.15GB 222.6s
#5 sha256:8d7ddd137efb816d8241a2b238c619500a90f26505cfec4140f11b55ce1157bb 154.14MB / 1.09GB 225.6s
#5 sha256:31b4cbf1dca73d4c751a998814c1ce9c8cdd761f274c73782270e6f7fe73cdab 155.19MB / 1.42GB 227.5s
#5 sha256:e26e23da3e450407731a7a5802ac87d332f8507880fc8277ee1c319273b120e6 140.51MB / 1.15GB 227.6s
#5 sha256:8d7ddd137efb816d8241a2b238c619500a90f26505cfec4140f11b55ce1157bb 158.33MB / 1.09GB 230.7s
#5 sha256:31b4cbf1dca73d4c751a998814c1ce9c8cdd761f274c73782270e6f7fe73cdab 159.38MB / 1.42GB 232.5s
#5 sha256:e26e23da3e450407731a7a5802ac87d332f8507880fc8277ee1c319273b120e6 144.70MB / 1.15GB 232.7s
#5 sha256:8d7ddd137efb816d8241a2b238c619500a90f26505cfec4140f11b55ce1157bb 161.48MB / 1.09GB 235.7s
#5 sha256:31b4cbf1dca73d4c751a998814c1ce9c8cdd761f274c73782270e6f7fe73cdab 162.53MB / 1.42GB 237.5s
#5 sha256:e26e23da3e450407731a7a5802ac87d332f8507880fc8277ee1c319273b120e6 148.90MB / 1.15GB 237.8s
#5 sha256:8d7ddd137efb816d8241a2b238c619500a90f26505cfec4140f11b55ce1157bb 165.68MB / 1.09GB 240.8s
#5 sha256:31b4cbf1dca73d4c751a998814c1ce9c8cdd761f274c73782270e6f7fe73cdab 166.72MB / 1.42GB 242.6s
#5 sha256:e26e23da3e450407731a7a5802ac87d332f8507880fc8277ee1c319273b120e6 153.09MB / 1.15GB 242.9s
#5 sha256:8d7ddd137efb816d8241a2b238c619500a90f26505cfec4140f11b55ce1157bb 169.87MB / 1.09GB 245.9s
#5 sha256:31b4cbf1dca73d4c751a998814c1ce9c8cdd761f274c73782270e6f7fe73cdab 170.92MB / 1.42GB 247.6s
#5 sha256:e26e23da3e450407731a7a5802ac87d332f8507880fc8277ee1c319273b120e6 157.29MB / 1.15GB 248.0s
#5 sha256:8d7ddd137efb816d8241a2b238c619500a90f26505cfec4140f11b55ce1157bb 174.06MB / 1.09GB 250.9s
#5 sha256:31b4cbf1dca73d4c751a998814c1ce9c8cdd761f274c73782270e6f7fe73cdab 174.06MB / 1.42GB 252.7s
#5 sha256:e26e23da3e450407731a7a5802ac87d332f8507880fc8277ee1c319273b120e6 161.48MB / 1.15GB 253.2s
#5 sha256:8d7ddd137efb816d8241a2b238c619500a90f26505cfec4140f11b55ce1157bb 178.26MB / 1.09GB 256.0s
#5 sha256:31b4cbf1dca73d4c751a998814c1ce9c8cdd761f274c73782270e6f7fe73cdab 178.26MB / 1.42GB 257.7s
#5 sha256:e26e23da3e450407731a7a5802ac87d332f8507880fc8277ee1c319273b120e6 165.68MB / 1.15GB 258.3s
#5 sha256:8d7ddd137efb816d8241a2b238c619500a90f26505cfec4140f11b55ce1157bb 181.40MB / 1.09GB 261.2s
#5 sha256:31b4cbf1dca73d4c751a998814c1ce9c8cdd761f274c73782270e6f7fe73cdab 182.45MB / 1.42GB 262.8s
#5 sha256:e26e23da3e450407731a7a5802ac87d332f8507880fc8277ee1c319273b120e6 168.82MB / 1.15GB 263.3s
#5 sha256:8d7ddd137efb816d8241a2b238c619500a90f26505cfec4140f11b55ce1157bb 185.60MB / 1.09GB 266.3s
#5 sha256:31b4cbf1dca73d4c751a998814c1ce9c8cdd761f274c73782270e6f7fe73cdab 186.65MB / 1.42GB 267.9s
#5 sha256:e26e23da3e450407731a7a5802ac87d332f8507880fc8277ee1c319273b120e6 173.02MB / 1.15GB 268.4s
#5 sha256:8d7ddd137efb816d8241a2b238c619500a90f26505cfec4140f11b55ce1157bb 189.79MB / 1.09GB 271.4s
#5 sha256:31b4cbf1dca73d4c751a998814c1ce9c8cdd761f274c73782270e6f7fe73cdab 189.79MB / 1.42GB 273.0s
#5 sha256:e26e23da3e450407731a7a5802ac87d332f8507880fc8277ee1c319273b120e6 177.21MB / 1.15GB 273.5s
#5 sha256:8d7ddd137efb816d8241a2b238c619500a90f26505cfec4140f11b55ce1157bb 193.99MB / 1.09GB 276.5s
#5 sha256:31b4cbf1dca73d4c751a998814c1ce9c8cdd761f274c73782270e6f7fe73cdab 193.99MB / 1.42GB 278.0s
#5 sha256:e26e23da3e450407731a7a5802ac87d332f8507880fc8277ee1c319273b120e6 181.40MB / 1.15GB 278.6s
#5 sha256:8d7ddd137efb816d8241a2b238c619500a90f26505cfec4140f11b55ce1157bb 198.18MB / 1.09GB 281.7s
#5 sha256:31b4cbf1dca73d4c751a998814c1ce9c8cdd761f274c73782270e6f7fe73cdab 198.18MB / 1.42GB 283.2s
#5 sha256:e26e23da3e450407731a7a5802ac87d332f8507880fc8277ee1c319273b120e6 185.60MB / 1.15GB 283.6s
#5 sha256:8d7ddd137efb816d8241a2b238c619500a90f26505cfec4140f11b55ce1157bb 202.38MB / 1.09GB 286.7s
#5 sha256:31b4cbf1dca73d4c751a998814c1ce9c8cdd761f274c73782270e6f7fe73cdab 202.38MB / 1.42GB 288.2s
#5 sha256:e26e23da3e450407731a7a5802ac87d332f8507880fc8277ee1c319273b120e6 189.79MB / 1.15GB 288.7s
#5 sha256:8d7ddd137efb816d8241a2b238c619500a90f26505cfec4140f11b55ce1157bb 206.57MB / 1.09GB 291.8s
#5 sha256:31b4cbf1dca73d4c751a998814c1ce9c8cdd761f274c73782270e6f7fe73cdab 205.52MB / 1.42GB 293.3s
#5 sha256:e26e23da3e450407731a7a5802ac87d332f8507880fc8277ee1c319273b120e6 193.99MB / 1.15GB 293.8s
#5 sha256:8d7ddd137efb816d8241a2b238c619500a90f26505cfec4140f11b55ce1157bb 209.72MB / 1.09GB 296.9s
#5 sha256:31b4cbf1dca73d4c751a998814c1ce9c8cdd761f274c73782270e6f7fe73cdab 209.72MB / 1.42GB 298.5s
#5 sha256:e26e23da3e450407731a7a5802ac87d332f8507880fc8277ee1c319273b120e6 197.13MB / 1.15GB 298.8s
#5 sha256:8d7ddd137efb816d8241a2b238c619500a90f26505cfec4140f11b55ce1157bb 213.91MB / 1.09GB 302.0s
#5 sha256:31b4cbf1dca73d4c751a998814c1ce9c8cdd761f274c73782270e6f7fe73cdab 213.91MB / 1.42GB 303.5s
#5 sha256:e26e23da3e450407731a7a5802ac87d332f8507880fc8277ee1c319273b120e6 201.33MB / 1.15GB 303.9s
#5 sha256:8d7ddd137efb816d8241a2b238c619500a90f26505cfec4140f11b55ce1157bb 218.10MB / 1.09GB 307.1s
#5 sha256:31b4cbf1dca73d4c751a998814c1ce9c8cdd761f274c73782270e6f7fe73cdab 218.10MB / 1.42GB 308.6s
#5 sha256:e26e23da3e450407731a7a5802ac87d332f8507880fc8277ee1c319273b120e6 205.52MB / 1.15GB 309.0s
#5 sha256:8d7ddd137efb816d8241a2b238c619500a90f26505cfec4140f11b55ce1157bb 222.30MB / 1.09GB 312.1s
#5 sha256:31b4cbf1dca73d4c751a998814c1ce9c8cdd761f274c73782270e6f7fe73cdab 221.25MB / 1.42GB 313.7s
#5 sha256:e26e23da3e450407731a7a5802ac87d332f8507880fc8277ee1c319273b120e6 209.72MB / 1.15GB 314.2s
#5 sha256:8d7ddd137efb816d8241a2b238c619500a90f26505cfec4140f11b55ce1157bb 226.49MB / 1.09GB 317.3s
#5 sha256:31b4cbf1dca73d4c751a998814c1ce9c8cdd761f274c73782270e6f7fe73cdab 225.44MB / 1.42GB 318.8s
#5 sha256:e26e23da3e450407731a7a5802ac87d332f8507880fc8277ee1c319273b120e6 213.91MB / 1.15GB 319.3s
#5 sha256:8d7ddd137efb816d8241a2b238c619500a90f26505cfec4140f11b55ce1157bb 230.69MB / 1.09GB 322.3s
#5 sha256:31b4cbf1dca73d4c751a998814c1ce9c8cdd761f274c73782270e6f7fe73cdab 229.64MB / 1.42GB 323.8s
#5 sha256:e26e23da3e450407731a7a5802ac87d332f8507880fc8277ee1c319273b120e6 217.06MB / 1.15GB 324.3s
#5 sha256:8d7ddd137efb816d8241a2b238c619500a90f26505cfec4140f11b55ce1157bb 233.83MB / 1.09GB 327.3s
#5 sha256:31b4cbf1dca73d4c751a998814c1ce9c8cdd761f274c73782270e6f7fe73cdab 233.83MB / 1.42GB 328.9s
#5 sha256:e26e23da3e450407731a7a5802ac87d332f8507880fc8277ee1c319273b120e6 221.25MB / 1.15GB 329.3s
#5 sha256:8d7ddd137efb816d8241a2b238c619500a90f26505cfec4140f11b55ce1157bb 238.03MB / 1.09GB 332.5s
#5 sha256:31b4cbf1dca73d4c751a998814c1ce9c8cdd761f274c73782270e6f7fe73cdab 238.03MB / 1.42GB 334.1s
#5 sha256:e26e23da3e450407731a7a5802ac87d332f8507880fc8277ee1c319273b120e6 225.44MB / 1.15GB 334.4s
#5 sha256:8d7ddd137efb816d8241a2b238c619500a90f26505cfec4140f11b55ce1157bb 242.22MB / 1.09GB 337.6s
#5 sha256:31b4cbf1dca73d4c751a998814c1ce9c8cdd761f274c73782270e6f7fe73cdab 241.17MB / 1.42GB 339.2s
#5 sha256:e26e23da3e450407731a7a5802ac87d332f8507880fc8277ee1c319273b120e6 229.64MB / 1.15GB 339.4s
#5 sha256:8d7ddd137efb816d8241a2b238c619500a90f26505cfec4140f11b55ce1157bb 245.37MB / 1.09GB 342.6s
#5 sha256:31b4cbf1dca73d4c751a998814c1ce9c8cdd761f274c73782270e6f7fe73cdab 245.37MB / 1.42GB 344.2s
#5 sha256:e26e23da3e450407731a7a5802ac87d332f8507880fc8277ee1c319273b120e6 233.83MB / 1.15GB 344.6s
#5 sha256:8d7ddd137efb816d8241a2b238c619500a90f26505cfec4140f11b55ce1157bb 249.56MB / 1.09GB 347.7s
#5 sha256:31b4cbf1dca73d4c751a998814c1ce9c8cdd761f274c73782270e6f7fe73cdab 250.61MB / 1.42GB 349.3s
#5 sha256:e26e23da3e450407731a7a5802ac87d332f8507880fc8277ee1c319273b120e6 238.03MB / 1.15GB 349.7s
#5 sha256:8d7ddd137efb816d8241a2b238c619500a90f26505cfec4140f11b55ce1157bb 253.76MB / 1.09GB 352.8s
#5 sha256:31b4cbf1dca73d4c751a998814c1ce9c8cdd761f274c73782270e6f7fe73cdab 254.80MB / 1.42GB 354.4s
#5 sha256:e26e23da3e450407731a7a5802ac87d332f8507880fc8277ee1c319273b120e6 241.17MB / 1.15GB 354.8s
#5 sha256:8d7ddd137efb816d8241a2b238c619500a90f26505cfec4140f11b55ce1157bb 256.90MB / 1.09GB 357.9s
#5 sha256:31b4cbf1dca73d4c751a998814c1ce9c8cdd761f274c73782270e6f7fe73cdab 257.95MB / 1.42GB 359.4s
#5 sha256:e26e23da3e450407731a7a5802ac87d332f8507880fc8277ee1c319273b120e6 245.37MB / 1.15GB 359.9s
#5 sha256:8d7ddd137efb816d8241a2b238c619500a90f26505cfec4140f11b55ce1157bb 261.10MB / 1.09GB 363.0s
#5 sha256:31b4cbf1dca73d4c751a998814c1ce9c8cdd761f274c73782270e6f7fe73cdab 262.14MB / 1.42GB 364.5s
#5 sha256:e26e23da3e450407731a7a5802ac87d332f8507880fc8277ee1c319273b120e6 249.56MB / 1.15GB 364.9s
#5 sha256:8d7ddd137efb816d8241a2b238c619500a90f26505cfec4140f11b55ce1157bb 265.29MB / 1.09GB 368.1s
#5 sha256:31b4cbf1dca73d4c751a998814c1ce9c8cdd761f274c73782270e6f7fe73cdab 266.34MB / 1.42GB 369.6s
#5 sha256:e26e23da3e450407731a7a5802ac87d332f8507880fc8277ee1c319273b120e6 253.76MB / 1.15GB 369.9s
#5 sha256:8d7ddd137efb816d8241a2b238c619500a90f26505cfec4140f11b55ce1157bb 269.48MB / 1.09GB 373.3s
#5 sha256:31b4cbf1dca73d4c751a998814c1ce9c8cdd761f274c73782270e6f7fe73cdab 270.53MB / 1.42GB 374.7s
#5 sha256:e26e23da3e450407731a7a5802ac87d332f8507880fc8277ee1c319273b120e6 257.95MB / 1.15GB 375.0s
#5 sha256:8d7ddd137efb816d8241a2b238c619500a90f26505cfec4140f11b55ce1157bb 272.63MB / 1.09GB 378.3s
#5 sha256:31b4cbf1dca73d4c751a998814c1ce9c8cdd761f274c73782270e6f7fe73cdab 274.73MB / 1.42GB 379.8s
#5 sha256:e26e23da3e450407731a7a5802ac87d332f8507880fc8277ee1c319273b120e6 261.10MB / 1.15GB 380.1s
#5 sha256:8d7ddd137efb816d8241a2b238c619500a90f26505cfec4140f11b55ce1157bb 276.82MB / 1.09GB 383.4s
#5 sha256:31b4cbf1dca73d4c751a998814c1ce9c8cdd761f274c73782270e6f7fe73cdab 278.92MB / 1.42GB 384.9s
#5 sha256:e26e23da3e450407731a7a5802ac87d332f8507880fc8277ee1c319273b120e6 265.29MB / 1.15GB 385.2s
#5 sha256:8d7ddd137efb816d8241a2b238c619500a90f26505cfec4140f11b55ce1157bb 281.02MB / 1.09GB 388.5s
#5 sha256:31b4cbf1dca73d4c751a998814c1ce9c8cdd761f274c73782270e6f7fe73cdab 283.12MB / 1.42GB 390.0s
#5 sha256:e26e23da3e450407731a7a5802ac87d332f8507880fc8277ee1c319273b120e6 269.48MB / 1.15GB 390.3s
#5 sha256:8d7ddd137efb816d8241a2b238c619500a90f26505cfec4140f11b55ce1157bb 285.21MB / 1.09GB 393.5s
#5 sha256:31b4cbf1dca73d4c751a998814c1ce9c8cdd761f274c73782270e6f7fe73cdab 286.26MB / 1.42GB 395.1s
#5 sha256:e26e23da3e450407731a7a5802ac87d332f8507880fc8277ee1c319273b120e6 273.68MB / 1.15GB 395.3s
#5 sha256:8d7ddd137efb816d8241a2b238c619500a90f26505cfec4140f11b55ce1157bb 289.41MB / 1.09GB 398.7s
#5 sha256:31b4cbf1dca73d4c751a998814c1ce9c8cdd761f274c73782270e6f7fe73cdab 290.46MB / 1.42GB 400.2s
#5 sha256:e26e23da3e450407731a7a5802ac87d332f8507880fc8277ee1c319273b120e6 277.87MB / 1.15GB 400.4s
#5 sha256:8d7ddd137efb816d8241a2b238c619500a90f26505cfec4140f11b55ce1157bb 292.55MB / 1.09GB 403.8s
#5 sha256:31b4cbf1dca73d4c751a998814c1ce9c8cdd761f274c73782270e6f7fe73cdab 294.65MB / 1.42GB 405.3s
#5 sha256:e26e23da3e450407731a7a5802ac87d332f8507880fc8277ee1c319273b120e6 282.07MB / 1.15GB 405.6s
#5 sha256:8d7ddd137efb816d8241a2b238c619500a90f26505cfec4140f11b55ce1157bb 296.75MB / 1.09GB 409.0s
#5 sha256:31b4cbf1dca73d4c751a998814c1ce9c8cdd761f274c73782270e6f7fe73cdab 298.84MB / 1.42GB 410.3s
#5 sha256:e26e23da3e450407731a7a5802ac87d332f8507880fc8277ee1c319273b120e6 285.21MB / 1.15GB 410.7s
#5 sha256:8d7ddd137efb816d8241a2b238c619500a90f26505cfec4140f11b55ce1157bb 300.94MB / 1.09GB 414.1s
#5 sha256:31b4cbf1dca73d4c751a998814c1ce9c8cdd761f274c73782270e6f7fe73cdab 303.04MB / 1.42GB 415.3s
#5 sha256:e26e23da3e450407731a7a5802ac87d332f8507880fc8277ee1c319273b120e6 289.41MB / 1.15GB 415.7s
#5 sha256:8d7ddd137efb816d8241a2b238c619500a90f26505cfec4140f11b55ce1157bb 304.09MB / 1.09GB 419.1s
#5 sha256:31b4cbf1dca73d4c751a998814c1ce9c8cdd761f274c73782270e6f7fe73cdab 307.23MB / 1.42GB 420.4s
#5 sha256:e26e23da3e450407731a7a5802ac87d332f8507880fc8277ee1c319273b120e6 293.60MB / 1.15GB 420.9s
#5 sha256:8d7ddd137efb816d8241a2b238c619500a90f26505cfec4140f11b55ce1157bb 308.28MB / 1.09GB 424.2s
#5 sha256:31b4cbf1dca73d4c751a998814c1ce9c8cdd761f274c73782270e6f7fe73cdab 310.38MB / 1.42GB 425.4s
#5 sha256:e26e23da3e450407731a7a5802ac87d332f8507880fc8277ee1c319273b120e6 298.84MB / 1.15GB 426.0s
#5 sha256:8d7ddd137efb816d8241a2b238c619500a90f26505cfec4140f11b55ce1157bb 312.48MB / 1.09GB 429.3s
#5 sha256:31b4cbf1dca73d4c751a998814c1ce9c8cdd761f274c73782270e6f7fe73cdab 314.57MB / 1.42GB 430.5s
#5 sha256:e26e23da3e450407731a7a5802ac87d332f8507880fc8277ee1c319273b120e6 301.99MB / 1.15GB 431.0s
#5 sha256:8d7ddd137efb816d8241a2b238c619500a90f26505cfec4140f11b55ce1157bb 316.67MB / 1.09GB 434.3s
#5 sha256:31b4cbf1dca73d4c751a998814c1ce9c8cdd761f274c73782270e6f7fe73cdab 318.77MB / 1.42GB 435.5s
#5 sha256:e26e23da3e450407731a7a5802ac87d332f8507880fc8277ee1c319273b120e6 306.18MB / 1.15GB 436.1s
#5 sha256:8d7ddd137efb816d8241a2b238c619500a90f26505cfec4140f11b55ce1157bb 320.86MB / 1.09GB 439.5s
#5 sha256:31b4cbf1dca73d4c751a998814c1ce9c8cdd761f274c73782270e6f7fe73cdab 322.96MB / 1.42GB 440.6s
#5 sha256:e26e23da3e450407731a7a5802ac87d332f8507880fc8277ee1c319273b120e6 310.38MB / 1.15GB 441.1s
#5 sha256:8d7ddd137efb816d8241a2b238c619500a90f26505cfec4140f11b55ce1157bb 325.06MB / 1.09GB 444.5s
#5 sha256:31b4cbf1dca73d4c751a998814c1ce9c8cdd761f274c73782270e6f7fe73cdab 326.11MB / 1.42GB 445.7s
#5 sha256:e26e23da3e450407731a7a5802ac87d332f8507880fc8277ee1c319273b120e6 313.52MB / 1.15GB 446.2s
#5 sha256:8d7ddd137efb816d8241a2b238c619500a90f26505cfec4140f11b55ce1157bb 329.25MB / 1.09GB 449.6s
#5 sha256:31b4cbf1dca73d4c751a998814c1ce9c8cdd761f274c73782270e6f7fe73cdab 330.30MB / 1.42GB 450.7s
#5 sha256:e26e23da3e450407731a7a5802ac87d332f8507880fc8277ee1c319273b120e6 317.72MB / 1.15GB 451.3s
#5 sha256:8d7ddd137efb816d8241a2b238c619500a90f26505cfec4140f11b55ce1157bb 333.45MB / 1.09GB 454.7s
#5 sha256:31b4cbf1dca73d4c751a998814c1ce9c8cdd761f274c73782270e6f7fe73cdab 334.50MB / 1.42GB 455.8s
#5 sha256:e26e23da3e450407731a7a5802ac87d332f8507880fc8277ee1c319273b120e6 321.91MB / 1.15GB 456.3s
#5 sha256:8d7ddd137efb816d8241a2b238c619500a90f26505cfec4140f11b55ce1157bb 336.59MB / 1.09GB 459.8s
#5 sha256:31b4cbf1dca73d4c751a998814c1ce9c8cdd761f274c73782270e6f7fe73cdab 338.69MB / 1.42GB 460.8s
#5 sha256:e26e23da3e450407731a7a5802ac87d332f8507880fc8277ee1c319273b120e6 326.11MB / 1.15GB 461.4s
#5 sha256:8d7ddd137efb816d8241a2b238c619500a90f26505cfec4140f11b55ce1157bb 340.79MB / 1.09GB 464.8s
#5 sha256:31b4cbf1dca73d4c751a998814c1ce9c8cdd761f274c73782270e6f7fe73cdab 341.84MB / 1.42GB 465.9s
#5 sha256:e26e23da3e450407731a7a5802ac87d332f8507880fc8277ee1c319273b120e6 329.25MB / 1.15GB 466.5s
#5 sha256:8d7ddd137efb816d8241a2b238c619500a90f26505cfec4140f11b55ce1157bb 344.98MB / 1.09GB 469.9s
#5 sha256:31b4cbf1dca73d4c751a998814c1ce9c8cdd761f274c73782270e6f7fe73cdab 346.03MB / 1.42GB 470.9s
#5 sha256:e26e23da3e450407731a7a5802ac87d332f8507880fc8277ee1c319273b120e6 333.45MB / 1.15GB 471.5s
#5 sha256:8d7ddd137efb816d8241a2b238c619500a90f26505cfec4140f11b55ce1157bb 349.18MB / 1.09GB 475.0s
#5 sha256:31b4cbf1dca73d4c751a998814c1ce9c8cdd761f274c73782270e6f7fe73cdab 350.22MB / 1.42GB 476.0s
#5 sha256:e26e23da3e450407731a7a5802ac87d332f8507880fc8277ee1c319273b120e6 337.64MB / 1.15GB 476.5s
#5 sha256:8d7ddd137efb816d8241a2b238c619500a90f26505cfec4140f11b55ce1157bb 352.32MB / 1.09GB 480.0s
#5 sha256:31b4cbf1dca73d4c751a998814c1ce9c8cdd761f274c73782270e6f7fe73cdab 354.42MB / 1.42GB 481.2s
#5 sha256:e26e23da3e450407731a7a5802ac87d332f8507880fc8277ee1c319273b120e6 341.84MB / 1.15GB 481.7s
#5 sha256:8d7ddd137efb816d8241a2b238c619500a90f26505cfec4140f11b55ce1157bb 356.52MB / 1.09GB 485.1s
#5 sha256:31b4cbf1dca73d4c751a998814c1ce9c8cdd761f274c73782270e6f7fe73cdab 358.61MB / 1.42GB 486.2s
#5 sha256:e26e23da3e450407731a7a5802ac87d332f8507880fc8277ee1c319273b120e6 344.98MB / 1.15GB 486.7s
#5 sha256:8d7ddd137efb816d8241a2b238c619500a90f26505cfec4140f11b55ce1157bb 360.71MB / 1.09GB 490.2s
#5 sha256:31b4cbf1dca73d4c751a998814c1ce9c8cdd761f274c73782270e6f7fe73cdab 362.81MB / 1.42GB 491.4s
#5 sha256:e26e23da3e450407731a7a5802ac87d332f8507880fc8277ee1c319273b120e6 349.18MB / 1.15GB 491.8s
#5 sha256:8d7ddd137efb816d8241a2b238c619500a90f26505cfec4140f11b55ce1157bb 363.86MB / 1.09GB 495.4s
#5 sha256:31b4cbf1dca73d4c751a998814c1ce9c8cdd761f274c73782270e6f7fe73cdab 367.00MB / 1.42GB 496.5s
#5 sha256:e26e23da3e450407731a7a5802ac87d332f8507880fc8277ee1c319273b120e6 354.42MB / 1.15GB 496.9s
#5 sha256:8d7ddd137efb816d8241a2b238c619500a90f26505cfec4140f11b55ce1157bb 368.05MB / 1.09GB 500.5s
#5 sha256:31b4cbf1dca73d4c751a998814c1ce9c8cdd761f274c73782270e6f7fe73cdab 370.15MB / 1.42GB 501.5s
#5 sha256:e26e23da3e450407731a7a5802ac87d332f8507880fc8277ee1c319273b120e6 358.61MB / 1.15GB 502.0s
#5 sha256:8d7ddd137efb816d8241a2b238c619500a90f26505cfec4140f11b55ce1157bb 372.24MB / 1.09GB 505.5s
#5 sha256:31b4cbf1dca73d4c751a998814c1ce9c8cdd761f274c73782270e6f7fe73cdab 374.34MB / 1.42GB 506.5s
#5 sha256:e26e23da3e450407731a7a5802ac87d332f8507880fc8277ee1c319273b120e6 362.81MB / 1.15GB 507.1s
#5 sha256:8d7ddd137efb816d8241a2b238c619500a90f26505cfec4140f11b55ce1157bb 376.44MB / 1.09GB 510.7s
#5 sha256:31b4cbf1dca73d4c751a998814c1ce9c8cdd761f274c73782270e6f7fe73cdab 378.54MB / 1.42GB 511.6s
#5 sha256:e26e23da3e450407731a7a5802ac87d332f8507880fc8277ee1c319273b120e6 365.95MB / 1.15GB 512.1s
#5 sha256:8d7ddd137efb816d8241a2b238c619500a90f26505cfec4140f11b55ce1157bb 379.58MB / 1.09GB 515.9s
#5 sha256:31b4cbf1dca73d4c751a998814c1ce9c8cdd761f274c73782270e6f7fe73cdab 382.73MB / 1.42GB 516.7s
#5 sha256:e26e23da3e450407731a7a5802ac87d332f8507880fc8277ee1c319273b120e6 370.15MB / 1.15GB 517.2s
#5 sha256:8d7ddd137efb816d8241a2b238c619500a90f26505cfec4140f11b55ce1157bb 383.78MB / 1.09GB 520.9s
#5 sha256:31b4cbf1dca73d4c751a998814c1ce9c8cdd761f274c73782270e6f7fe73cdab 385.88MB / 1.42GB 521.8s
#5 sha256:e26e23da3e450407731a7a5802ac87d332f8507880fc8277ee1c319273b120e6 374.34MB / 1.15GB 522.3s
#5 sha256:8d7ddd137efb816d8241a2b238c619500a90f26505cfec4140f11b55ce1157bb 387.97MB / 1.09GB 526.0s
#5 sha256:31b4cbf1dca73d4c751a998814c1ce9c8cdd761f274c73782270e6f7fe73cdab 390.07MB / 1.42GB 526.9s
#5 sha256:e26e23da3e450407731a7a5802ac87d332f8507880fc8277ee1c319273b120e6 378.54MB / 1.15GB 527.4s
#5 sha256:8d7ddd137efb816d8241a2b238c619500a90f26505cfec4140f11b55ce1157bb 392.17MB / 1.09GB 531.0s
#5 sha256:31b4cbf1dca73d4c751a998814c1ce9c8cdd761f274c73782270e6f7fe73cdab 394.26MB / 1.42GB 532.0s
#5 sha256:e26e23da3e450407731a7a5802ac87d332f8507880fc8277ee1c319273b120e6 382.73MB / 1.15GB 532.4s
#5 sha256:8d7ddd137efb816d8241a2b238c619500a90f26505cfec4140f11b55ce1157bb 395.31MB / 1.09GB 536.2s
#5 sha256:31b4cbf1dca73d4c751a998814c1ce9c8cdd761f274c73782270e6f7fe73cdab 396.36MB / 1.42GB 537.2s
#5 sha256:e26e23da3e450407731a7a5802ac87d332f8507880fc8277ee1c319273b120e6 384.83MB / 1.15GB 537.6s
#5 sha256:8d7ddd137efb816d8241a2b238c619500a90f26505cfec4140f11b55ce1157bb 396.36MB / 1.09GB 541.3s
#5 sha256:31b4cbf1dca73d4c751a998814c1ce9c8cdd761f274c73782270e6f7fe73cdab 397.41MB / 1.42GB 542.3s
#5 sha256:e26e23da3e450407731a7a5802ac87d332f8507880fc8277ee1c319273b120e6 385.88MB / 1.15GB 542.7s
#5 sha256:8d7ddd137efb816d8241a2b238c619500a90f26505cfec4140f11b55ce1157bb 398.46MB / 1.09GB 546.4s
#5 sha256:31b4cbf1dca73d4c751a998814c1ce9c8cdd761f274c73782270e6f7fe73cdab 400.56MB / 1.42GB 547.3s
#5 sha256:e26e23da3e450407731a7a5802ac87d332f8507880fc8277ee1c319273b120e6 389.02MB / 1.15GB 547.7s
#5 sha256:8d7ddd137efb816d8241a2b238c619500a90f26505cfec4140f11b55ce1157bb 401.60MB / 1.09GB 551.5s
#5 sha256:31b4cbf1dca73d4c751a998814c1ce9c8cdd761f274c73782270e6f7fe73cdab 403.70MB / 1.42GB 552.4s
#5 sha256:e26e23da3e450407731a7a5802ac87d332f8507880fc8277ee1c319273b120e6 392.17MB / 1.15GB 552.8s
#5 sha256:8d7ddd137efb816d8241a2b238c619500a90f26505cfec4140f11b55ce1157bb 404.75MB / 1.09GB 556.5s
#5 sha256:31b4cbf1dca73d4c751a998814c1ce9c8cdd761f274c73782270e6f7fe73cdab 406.85MB / 1.42GB 557.5s
#5 sha256:e26e23da3e450407731a7a5802ac87d332f8507880fc8277ee1c319273b120e6 395.31MB / 1.15GB 557.9s
#5 sha256:8d7ddd137efb816d8241a2b238c619500a90f26505cfec4140f11b55ce1157bb 408.94MB / 1.09GB 561.6s
#5 sha256:31b4cbf1dca73d4c751a998814c1ce9c8cdd761f274c73782270e6f7fe73cdab 409.99MB / 1.42GB 562.5s
#5 sha256:e26e23da3e450407731a7a5802ac87d332f8507880fc8277ee1c319273b120e6 399.51MB / 1.15GB 563.0s
#5 sha256:8d7ddd137efb816d8241a2b238c619500a90f26505cfec4140f11b55ce1157bb 413.14MB / 1.09GB 566.8s
#5 sha256:31b4cbf1dca73d4c751a998814c1ce9c8cdd761f274c73782270e6f7fe73cdab 414.19MB / 1.42GB 567.7s
#5 sha256:e26e23da3e450407731a7a5802ac87d332f8507880fc8277ee1c319273b120e6 403.70MB / 1.15GB 568.1s
#5 sha256:8d7ddd137efb816d8241a2b238c619500a90f26505cfec4140f11b55ce1157bb 416.28MB / 1.09GB 571.9s
#5 sha256:31b4cbf1dca73d4c751a998814c1ce9c8cdd761f274c73782270e6f7fe73cdab 418.38MB / 1.42GB 572.7s
#5 sha256:e26e23da3e450407731a7a5802ac87d332f8507880fc8277ee1c319273b120e6 407.90MB / 1.15GB 573.2s
#5 sha256:8d7ddd137efb816d8241a2b238c619500a90f26505cfec4140f11b55ce1157bb 420.48MB / 1.09GB 577.0s
#5 sha256:31b4cbf1dca73d4c751a998814c1ce9c8cdd761f274c73782270e6f7fe73cdab 422.58MB / 1.42GB 577.9s
#5 sha256:e26e23da3e450407731a7a5802ac87d332f8507880fc8277ee1c319273b120e6 411.04MB / 1.15GB 578.4s
#5 sha256:8d7ddd137efb816d8241a2b238c619500a90f26505cfec4140f11b55ce1157bb 424.67MB / 1.09GB 582.1s
#5 sha256:31b4cbf1dca73d4c751a998814c1ce9c8cdd761f274c73782270e6f7fe73cdab 426.77MB / 1.42GB 583.0s
#5 sha256:e26e23da3e450407731a7a5802ac87d332f8507880fc8277ee1c319273b120e6 415.24MB / 1.15GB 583.4s
#5 sha256:8d7ddd137efb816d8241a2b238c619500a90f26505cfec4140f11b55ce1157bb 428.87MB / 1.09GB 587.3s
#5 sha256:31b4cbf1dca73d4c751a998814c1ce9c8cdd761f274c73782270e6f7fe73cdab 430.96MB / 1.42GB 588.1s
#5 sha256:e26e23da3e450407731a7a5802ac87d332f8507880fc8277ee1c319273b120e6 419.43MB / 1.15GB 588.6s
#5 sha256:8d7ddd137efb816d8241a2b238c619500a90f26505cfec4140f11b55ce1157bb 433.06MB / 1.09GB 592.4s
#5 sha256:31b4cbf1dca73d4c751a998814c1ce9c8cdd761f274c73782270e6f7fe73cdab 435.16MB / 1.42GB 593.1s
#5 sha256:e26e23da3e450407731a7a5802ac87d332f8507880fc8277ee1c319273b120e6 423.62MB / 1.15GB 593.6s
#5 sha256:8d7ddd137efb816d8241a2b238c619500a90f26505cfec4140f11b55ce1157bb 437.26MB / 1.09GB 597.6s
#5 sha256:31b4cbf1dca73d4c751a998814c1ce9c8cdd761f274c73782270e6f7fe73cdab 439.35MB / 1.42GB 598.3s
#5 sha256:e26e23da3e450407731a7a5802ac87d332f8507880fc8277ee1c319273b120e6 426.77MB / 1.15GB 598.7s
#5 sha256:8d7ddd137efb816d8241a2b238c619500a90f26505cfec4140f11b55ce1157bb 440.40MB / 1.09GB 602.6s
#5 sha256:31b4cbf1dca73d4c751a998814c1ce9c8cdd761f274c73782270e6f7fe73cdab 443.55MB / 1.42GB 603.5s
#5 sha256:e26e23da3e450407731a7a5802ac87d332f8507880fc8277ee1c319273b120e6 430.96MB / 1.15GB 603.7s
#5 sha256:8d7ddd137efb816d8241a2b238c619500a90f26505cfec4140f11b55ce1157bb 444.60MB / 1.09GB 607.7s
#5 sha256:31b4cbf1dca73d4c751a998814c1ce9c8cdd761f274c73782270e6f7fe73cdab 447.74MB / 1.42GB 608.6s
#5 sha256:e26e23da3e450407731a7a5802ac87d332f8507880fc8277ee1c319273b120e6 435.16MB / 1.15GB 608.7s
#5 sha256:8d7ddd137efb816d8241a2b238c619500a90f26505cfec4140f11b55ce1157bb 448.79MB / 1.09GB 612.8s
#5 sha256:31b4cbf1dca73d4c751a998814c1ce9c8cdd761f274c73782270e6f7fe73cdab 451.94MB / 1.42GB 613.7s
#5 sha256:e26e23da3e450407731a7a5802ac87d332f8507880fc8277ee1c319273b120e6 438.30MB / 1.15GB 613.8s
#5 sha256:8d7ddd137efb816d8241a2b238c619500a90f26505cfec4140f11b55ce1157bb 451.94MB / 1.09GB 617.9s
#5 sha256:31b4cbf1dca73d4c751a998814c1ce9c8cdd761f274c73782270e6f7fe73cdab 456.13MB / 1.42GB 618.8s
#5 sha256:e26e23da3e450407731a7a5802ac87d332f8507880fc8277ee1c319273b120e6 442.50MB / 1.15GB 618.9s
#5 sha256:8d7ddd137efb816d8241a2b238c619500a90f26505cfec4140f11b55ce1157bb 456.13MB / 1.09GB 623.0s
#5 sha256:31b4cbf1dca73d4c751a998814c1ce9c8cdd761f274c73782270e6f7fe73cdab 459.28MB / 1.42GB 623.8s
#5 sha256:e26e23da3e450407731a7a5802ac87d332f8507880fc8277ee1c319273b120e6 446.69MB / 1.15GB 623.9s
#5 sha256:8d7ddd137efb816d8241a2b238c619500a90f26505cfec4140f11b55ce1157bb 460.32MB / 1.09GB 628.1s
#5 sha256:31b4cbf1dca73d4c751a998814c1ce9c8cdd761f274c73782270e6f7fe73cdab 463.47MB / 1.42GB 628.8s
#5 sha256:e26e23da3e450407731a7a5802ac87d332f8507880fc8277ee1c319273b120e6 450.89MB / 1.15GB 629.0s
#5 sha256:8d7ddd137efb816d8241a2b238c619500a90f26505cfec4140f11b55ce1157bb 463.47MB / 1.09GB 633.1s
#5 sha256:31b4cbf1dca73d4c751a998814c1ce9c8cdd761f274c73782270e6f7fe73cdab 467.66MB / 1.42GB 633.9s
#5 sha256:e26e23da3e450407731a7a5802ac87d332f8507880fc8277ee1c319273b120e6 455.08MB / 1.15GB 634.1s
#5 sha256:8d7ddd137efb816d8241a2b238c619500a90f26505cfec4140f11b55ce1157bb 467.66MB / 1.09GB 638.2s
#5 sha256:31b4cbf1dca73d4c751a998814c1ce9c8cdd761f274c73782270e6f7fe73cdab 471.86MB / 1.42GB 638.9s
#5 sha256:e26e23da3e450407731a7a5802ac87d332f8507880fc8277ee1c319273b120e6 459.28MB / 1.15GB 639.1s
#5 sha256:8d7ddd137efb816d8241a2b238c619500a90f26505cfec4140f11b55ce1157bb 471.86MB / 1.09GB 643.2s
#5 sha256:31b4cbf1dca73d4c751a998814c1ce9c8cdd761f274c73782270e6f7fe73cdab 476.05MB / 1.42GB 644.0s
#5 sha256:e26e23da3e450407731a7a5802ac87d332f8507880fc8277ee1c319273b120e6 463.47MB / 1.15GB 644.2s
#5 sha256:8d7ddd137efb816d8241a2b238c619500a90f26505cfec4140f11b55ce1157bb 476.05MB / 1.09GB 648.4s
#5 sha256:31b4cbf1dca73d4c751a998814c1ce9c8cdd761f274c73782270e6f7fe73cdab 479.20MB / 1.42GB 649.0s
#5 sha256:e26e23da3e450407731a7a5802ac87d332f8507880fc8277ee1c319273b120e6 467.66MB / 1.15GB 649.2s
#5 sha256:8d7ddd137efb816d8241a2b238c619500a90f26505cfec4140f11b55ce1157bb 479.20MB / 1.09GB 653.4s
#5 sha256:31b4cbf1dca73d4c751a998814c1ce9c8cdd761f274c73782270e6f7fe73cdab 483.39MB / 1.42GB 654.2s
#5 sha256:e26e23da3e450407731a7a5802ac87d332f8507880fc8277ee1c319273b120e6 470.81MB / 1.15GB 654.3s
#5 sha256:8d7ddd137efb816d8241a2b238c619500a90f26505cfec4140f11b55ce1157bb 483.39MB / 1.09GB 658.5s
#5 sha256:31b4cbf1dca73d4c751a998814c1ce9c8cdd761f274c73782270e6f7fe73cdab 487.59MB / 1.42GB 659.2s
#5 sha256:e26e23da3e450407731a7a5802ac87d332f8507880fc8277ee1c319273b120e6 475.00MB / 1.15GB 659.4s
#5 sha256:8d7ddd137efb816d8241a2b238c619500a90f26505cfec4140f11b55ce1157bb 487.59MB / 1.09GB 663.5s
#5 sha256:31b4cbf1dca73d4c751a998814c1ce9c8cdd761f274c73782270e6f7fe73cdab 491.78MB / 1.42GB 664.3s
#5 sha256:e26e23da3e450407731a7a5802ac87d332f8507880fc8277ee1c319273b120e6 479.20MB / 1.15GB 664.5s
#5 sha256:8d7ddd137efb816d8241a2b238c619500a90f26505cfec4140f11b55ce1157bb 490.73MB / 1.09GB 668.6s
#5 sha256:31b4cbf1dca73d4c751a998814c1ce9c8cdd761f274c73782270e6f7fe73cdab 495.98MB / 1.42GB 669.3s
#5 sha256:e26e23da3e450407731a7a5802ac87d332f8507880fc8277ee1c319273b120e6 483.39MB / 1.15GB 669.5s
#5 sha256:8d7ddd137efb816d8241a2b238c619500a90f26505cfec4140f11b55ce1157bb 494.93MB / 1.09GB 673.8s
#5 sha256:31b4cbf1dca73d4c751a998814c1ce9c8cdd761f274c73782270e6f7fe73cdab 500.17MB / 1.42GB 674.4s
#5 sha256:e26e23da3e450407731a7a5802ac87d332f8507880fc8277ee1c319273b120e6 487.59MB / 1.15GB 674.6s
#5 sha256:8d7ddd137efb816d8241a2b238c619500a90f26505cfec4140f11b55ce1157bb 499.12MB / 1.09GB 678.8s
#5 sha256:31b4cbf1dca73d4c751a998814c1ce9c8cdd761f274c73782270e6f7fe73cdab 504.37MB / 1.42GB 679.4s
#5 sha256:e26e23da3e450407731a7a5802ac87d332f8507880fc8277ee1c319273b120e6 490.73MB / 1.15GB 679.7s
#5 sha256:8d7ddd137efb816d8241a2b238c619500a90f26505cfec4140f11b55ce1157bb 503.32MB / 1.09GB 683.9s
#5 sha256:31b4cbf1dca73d4c751a998814c1ce9c8cdd761f274c73782270e6f7fe73cdab 508.56MB / 1.42GB 684.6s
#5 sha256:e26e23da3e450407731a7a5802ac87d332f8507880fc8277ee1c319273b120e6 494.93MB / 1.15GB 684.8s
#5 sha256:8d7ddd137efb816d8241a2b238c619500a90f26505cfec4140f11b55ce1157bb 507.51MB / 1.09GB 688.9s
#5 sha256:31b4cbf1dca73d4c751a998814c1ce9c8cdd761f274c73782270e6f7fe73cdab 512.75MB / 1.42GB 689.7s
#5 sha256:e26e23da3e450407731a7a5802ac87d332f8507880fc8277ee1c319273b120e6 499.12MB / 1.15GB 689.9s
#5 sha256:8d7ddd137efb816d8241a2b238c619500a90f26505cfec4140f11b55ce1157bb 510.66MB / 1.09GB 694.1s
#5 sha256:31b4cbf1dca73d4c751a998814c1ce9c8cdd761f274c73782270e6f7fe73cdab 515.90MB / 1.42GB 694.8s
#5 sha256:e26e23da3e450407731a7a5802ac87d332f8507880fc8277ee1c319273b120e6 503.32MB / 1.15GB 695.0s
#5 sha256:8d7ddd137efb816d8241a2b238c619500a90f26505cfec4140f11b55ce1157bb 514.85MB / 1.09GB 699.2s
#5 sha256:31b4cbf1dca73d4c751a998814c1ce9c8cdd761f274c73782270e6f7fe73cdab 520.09MB / 1.42GB 699.8s
#5 sha256:e26e23da3e450407731a7a5802ac87d332f8507880fc8277ee1c319273b120e6 507.51MB / 1.15GB 700.2s
#5 sha256:8d7ddd137efb816d8241a2b238c619500a90f26505cfec4140f11b55ce1157bb 519.05MB / 1.09GB 704.3s
#5 sha256:31b4cbf1dca73d4c751a998814c1ce9c8cdd761f274c73782270e6f7fe73cdab 524.29MB / 1.42GB 704.9s
#5 sha256:e26e23da3e450407731a7a5802ac87d332f8507880fc8277ee1c319273b120e6 511.71MB / 1.15GB 705.4s
#5 sha256:8d7ddd137efb816d8241a2b238c619500a90f26505cfec4140f11b55ce1157bb 523.24MB / 1.09GB 709.4s
#5 sha256:31b4cbf1dca73d4c751a998814c1ce9c8cdd761f274c73782270e6f7fe73cdab 528.48MB / 1.42GB 709.9s
#5 sha256:e26e23da3e450407731a7a5802ac87d332f8507880fc8277ee1c319273b120e6 515.90MB / 1.15GB 710.6s
#5 sha256:8d7ddd137efb816d8241a2b238c619500a90f26505cfec4140f11b55ce1157bb 526.39MB / 1.09GB 714.4s
#5 sha256:31b4cbf1dca73d4c751a998814c1ce9c8cdd761f274c73782270e6f7fe73cdab 532.68MB / 1.42GB 715.0s
#5 sha256:e26e23da3e450407731a7a5802ac87d332f8507880fc8277ee1c319273b120e6 520.09MB / 1.15GB 715.7s
#5 sha256:8d7ddd137efb816d8241a2b238c619500a90f26505cfec4140f11b55ce1157bb 530.58MB / 1.09GB 719.5s
#5 sha256:31b4cbf1dca73d4c751a998814c1ce9c8cdd761f274c73782270e6f7fe73cdab 536.87MB / 1.42GB 720.1s
#5 sha256:e26e23da3e450407731a7a5802ac87d332f8507880fc8277ee1c319273b120e6 523.24MB / 1.15GB 720.9s
#5 sha256:8d7ddd137efb816d8241a2b238c619500a90f26505cfec4140f11b55ce1157bb 534.77MB / 1.09GB 724.5s
#5 sha256:31b4cbf1dca73d4c751a998814c1ce9c8cdd761f274c73782270e6f7fe73cdab 540.02MB / 1.42GB 725.1s
#5 sha256:e26e23da3e450407731a7a5802ac87d332f8507880fc8277ee1c319273b120e6 527.43MB / 1.15GB 726.0s
#5 sha256:8d7ddd137efb816d8241a2b238c619500a90f26505cfec4140f11b55ce1157bb 538.97MB / 1.09GB 729.6s
#5 sha256:31b4cbf1dca73d4c751a998814c1ce9c8cdd761f274c73782270e6f7fe73cdab 544.21MB / 1.42GB 730.2s
#5 sha256:e26e23da3e450407731a7a5802ac87d332f8507880fc8277ee1c319273b120e6 531.63MB / 1.15GB 731.1s
#5 sha256:8d7ddd137efb816d8241a2b238c619500a90f26505cfec4140f11b55ce1157bb 543.16MB / 1.09GB 734.6s
#5 sha256:31b4cbf1dca73d4c751a998814c1ce9c8cdd761f274c73782270e6f7fe73cdab 548.41MB / 1.42GB 735.4s
#5 sha256:e26e23da3e450407731a7a5802ac87d332f8507880fc8277ee1c319273b120e6 535.82MB / 1.15GB 736.3s
#5 sha256:8d7ddd137efb816d8241a2b238c619500a90f26505cfec4140f11b55ce1157bb 546.31MB / 1.09GB 739.7s
#5 sha256:31b4cbf1dca73d4c751a998814c1ce9c8cdd761f274c73782270e6f7fe73cdab 552.60MB / 1.42GB 740.5s
#5 sha256:e26e23da3e450407731a7a5802ac87d332f8507880fc8277ee1c319273b120e6 538.97MB / 1.15GB 741.3s
#5 sha256:8d7ddd137efb816d8241a2b238c619500a90f26505cfec4140f11b55ce1157bb 550.50MB / 1.09GB 744.8s
#5 sha256:31b4cbf1dca73d4c751a998814c1ce9c8cdd761f274c73782270e6f7fe73cdab 556.79MB / 1.42GB 745.6s
#5 sha256:e26e23da3e450407731a7a5802ac87d332f8507880fc8277ee1c319273b120e6 543.16MB / 1.15GB 746.4s
#5 sha256:8d7ddd137efb816d8241a2b238c619500a90f26505cfec4140f11b55ce1157bb 554.70MB / 1.09GB 749.9s
#5 sha256:31b4cbf1dca73d4c751a998814c1ce9c8cdd761f274c73782270e6f7fe73cdab 560.99MB / 1.42GB 750.7s
#5 sha256:e26e23da3e450407731a7a5802ac87d332f8507880fc8277ee1c319273b120e6 547.36MB / 1.15GB 751.5s
#5 sha256:8d7ddd137efb816d8241a2b238c619500a90f26505cfec4140f11b55ce1157bb 558.89MB / 1.09GB 754.9s
#5 sha256:31b4cbf1dca73d4c751a998814c1ce9c8cdd761f274c73782270e6f7fe73cdab 565.18MB / 1.42GB 755.8s
#5 sha256:e26e23da3e450407731a7a5802ac87d332f8507880fc8277ee1c319273b120e6 551.55MB / 1.15GB 756.5s
#5 sha256:8d7ddd137efb816d8241a2b238c619500a90f26505cfec4140f11b55ce1157bb 562.04MB / 1.09GB 760.0s
#5 sha256:31b4cbf1dca73d4c751a998814c1ce9c8cdd761f274c73782270e6f7fe73cdab 569.38MB / 1.42GB 760.9s
#5 sha256:e26e23da3e450407731a7a5802ac87d332f8507880fc8277ee1c319273b120e6 555.75MB / 1.15GB 761.6s
#5 sha256:8d7ddd137efb816d8241a2b238c619500a90f26505cfec4140f11b55ce1157bb 566.23MB / 1.09GB 765.2s
#5 sha256:31b4cbf1dca73d4c751a998814c1ce9c8cdd761f274c73782270e6f7fe73cdab 573.57MB / 1.42GB 766.0s
#5 sha256:e26e23da3e450407731a7a5802ac87d332f8507880fc8277ee1c319273b120e6 559.94MB / 1.15GB 766.7s
#5 sha256:8d7ddd137efb816d8241a2b238c619500a90f26505cfec4140f11b55ce1157bb 570.43MB / 1.09GB 770.3s
#5 sha256:31b4cbf1dca73d4c751a998814c1ce9c8cdd761f274c73782270e6f7fe73cdab 576.72MB / 1.42GB 771.1s
#5 sha256:e26e23da3e450407731a7a5802ac87d332f8507880fc8277ee1c319273b120e6 564.13MB / 1.15GB 771.8s
#5 sha256:8d7ddd137efb816d8241a2b238c619500a90f26505cfec4140f11b55ce1157bb 573.57MB / 1.09GB 775.4s
#5 sha256:31b4cbf1dca73d4c751a998814c1ce9c8cdd761f274c73782270e6f7fe73cdab 580.91MB / 1.42GB 776.2s
#5 sha256:e26e23da3e450407731a7a5802ac87d332f8507880fc8277ee1c319273b120e6 568.33MB / 1.15GB 776.9s
#5 sha256:8d7ddd137efb816d8241a2b238c619500a90f26505cfec4140f11b55ce1157bb 577.77MB / 1.09GB 780.6s
#5 sha256:31b4cbf1dca73d4c751a998814c1ce9c8cdd761f274c73782270e6f7fe73cdab 585.11MB / 1.42GB 781.3s
#5 sha256:e26e23da3e450407731a7a5802ac87d332f8507880fc8277ee1c319273b120e6 571.47MB / 1.15GB 781.9s
#5 sha256:8d7ddd137efb816d8241a2b238c619500a90f26505cfec4140f11b55ce1157bb 581.96MB / 1.09GB 785.6s
#5 sha256:31b4cbf1dca73d4c751a998814c1ce9c8cdd761f274c73782270e6f7fe73cdab 589.30MB / 1.42GB 786.5s
#5 sha256:e26e23da3e450407731a7a5802ac87d332f8507880fc8277ee1c319273b120e6 575.67MB / 1.15GB 786.9s
#5 sha256:8d7ddd137efb816d8241a2b238c619500a90f26505cfec4140f11b55ce1157bb 586.15MB / 1.09GB 790.7s
#5 sha256:31b4cbf1dca73d4c751a998814c1ce9c8cdd761f274c73782270e6f7fe73cdab 592.45MB / 1.42GB 791.5s
#5 sha256:e26e23da3e450407731a7a5802ac87d332f8507880fc8277ee1c319273b120e6 579.86MB / 1.15GB 792.0s
#5 sha256:8d7ddd137efb816d8241a2b238c619500a90f26505cfec4140f11b55ce1157bb 590.35MB / 1.09GB 795.7s
#5 sha256:31b4cbf1dca73d4c751a998814c1ce9c8cdd761f274c73782270e6f7fe73cdab 596.64MB / 1.42GB 796.6s
#5 sha256:e26e23da3e450407731a7a5802ac87d332f8507880fc8277ee1c319273b120e6 584.06MB / 1.15GB 797.0s
#5 sha256:8d7ddd137efb816d8241a2b238c619500a90f26505cfec4140f11b55ce1157bb 594.54MB / 1.09GB 800.8s
#5 sha256:31b4cbf1dca73d4c751a998814c1ce9c8cdd761f274c73782270e6f7fe73cdab 600.83MB / 1.42GB 801.6s
#5 sha256:e26e23da3e450407731a7a5802ac87d332f8507880fc8277ee1c319273b120e6 588.25MB / 1.15GB 802.2s
#5 sha256:8d7ddd137efb816d8241a2b238c619500a90f26505cfec4140f11b55ce1157bb 597.69MB / 1.09GB 805.8s
#5 sha256:31b4cbf1dca73d4c751a998814c1ce9c8cdd761f274c73782270e6f7fe73cdab 605.03MB / 1.42GB 806.8s
#5 sha256:e26e23da3e450407731a7a5802ac87d332f8507880fc8277ee1c319273b120e6 592.45MB / 1.15GB 807.3s
#5 sha256:8d7ddd137efb816d8241a2b238c619500a90f26505cfec4140f11b55ce1157bb 601.88MB / 1.09GB 810.8s
#5 sha256:31b4cbf1dca73d4c751a998814c1ce9c8cdd761f274c73782270e6f7fe73cdab 608.17MB / 1.42GB 811.8s
#5 sha256:e26e23da3e450407731a7a5802ac87d332f8507880fc8277ee1c319273b120e6 596.64MB / 1.15GB 812.5s
#5 sha256:8d7ddd137efb816d8241a2b238c619500a90f26505cfec4140f11b55ce1157bb 605.03MB / 1.09GB 815.9s
#5 sha256:31b4cbf1dca73d4c751a998814c1ce9c8cdd761f274c73782270e6f7fe73cdab 612.37MB / 1.42GB 816.9s
#5 sha256:e26e23da3e450407731a7a5802ac87d332f8507880fc8277ee1c319273b120e6 600.83MB / 1.15GB 817.6s
#5 sha256:8d7ddd137efb816d8241a2b238c619500a90f26505cfec4140f11b55ce1157bb 609.22MB / 1.09GB 821.0s
#5 sha256:31b4cbf1dca73d4c751a998814c1ce9c8cdd761f274c73782270e6f7fe73cdab 616.56MB / 1.42GB 821.9s
#5 sha256:e26e23da3e450407731a7a5802ac87d332f8507880fc8277ee1c319273b120e6 605.03MB / 1.15GB 822.7s
#5 sha256:8d7ddd137efb816d8241a2b238c619500a90f26505cfec4140f11b55ce1157bb 612.37MB / 1.09GB 826.0s
#5 sha256:31b4cbf1dca73d4c751a998814c1ce9c8cdd761f274c73782270e6f7fe73cdab 619.71MB / 1.42GB 826.9s
#5 sha256:e26e23da3e450407731a7a5802ac87d332f8507880fc8277ee1c319273b120e6 609.22MB / 1.15GB 827.8s
#5 sha256:8d7ddd137efb816d8241a2b238c619500a90f26505cfec4140f11b55ce1157bb 616.56MB / 1.09GB 831.1s
#5 sha256:31b4cbf1dca73d4c751a998814c1ce9c8cdd761f274c73782270e6f7fe73cdab 623.90MB / 1.42GB 832.1s
#5 sha256:e26e23da3e450407731a7a5802ac87d332f8507880fc8277ee1c319273b120e6 613.42MB / 1.15GB 832.8s
#5 sha256:8d7ddd137efb816d8241a2b238c619500a90f26505cfec4140f11b55ce1157bb 620.76MB / 1.09GB 836.2s
#5 sha256:31b4cbf1dca73d4c751a998814c1ce9c8cdd761f274c73782270e6f7fe73cdab 628.10MB / 1.42GB 837.3s
#5 sha256:e26e23da3e450407731a7a5802ac87d332f8507880fc8277ee1c319273b120e6 617.61MB / 1.15GB 837.8s
#5 sha256:8d7ddd137efb816d8241a2b238c619500a90f26505cfec4140f11b55ce1157bb 624.95MB / 1.09GB 841.3s
#5 sha256:31b4cbf1dca73d4c751a998814c1ce9c8cdd761f274c73782270e6f7fe73cdab 632.29MB / 1.42GB 842.4s
#5 sha256:e26e23da3e450407731a7a5802ac87d332f8507880fc8277ee1c319273b120e6 621.81MB / 1.15GB 842.9s
#5 sha256:8d7ddd137efb816d8241a2b238c619500a90f26505cfec4140f11b55ce1157bb 628.10MB / 1.09GB 846.4s
#5 sha256:31b4cbf1dca73d4c751a998814c1ce9c8cdd761f274c73782270e6f7fe73cdab 636.49MB / 1.42GB 847.5s
#5 sha256:e26e23da3e450407731a7a5802ac87d332f8507880fc8277ee1c319273b120e6 626.00MB / 1.15GB 848.1s
#5 sha256:8d7ddd137efb816d8241a2b238c619500a90f26505cfec4140f11b55ce1157bb 632.29MB / 1.09GB 851.6s
#5 sha256:31b4cbf1dca73d4c751a998814c1ce9c8cdd761f274c73782270e6f7fe73cdab 640.68MB / 1.42GB 852.6s
#5 sha256:e26e23da3e450407731a7a5802ac87d332f8507880fc8277ee1c319273b120e6 630.19MB / 1.15GB 853.1s
#5 sha256:8d7ddd137efb816d8241a2b238c619500a90f26505cfec4140f11b55ce1157bb 635.44MB / 1.09GB 856.6s
#5 sha256:31b4cbf1dca73d4c751a998814c1ce9c8cdd761f274c73782270e6f7fe73cdab 643.83MB / 1.42GB 857.6s
#5 sha256:e26e23da3e450407731a7a5802ac87d332f8507880fc8277ee1c319273b120e6 634.39MB / 1.15GB 858.3s
#5 sha256:8d7ddd137efb816d8241a2b238c619500a90f26505cfec4140f11b55ce1157bb 639.63MB / 1.09GB 861.7s
#5 sha256:31b4cbf1dca73d4c751a998814c1ce9c8cdd761f274c73782270e6f7fe73cdab 648.02MB / 1.42GB 862.8s
#5 sha256:e26e23da3e450407731a7a5802ac87d332f8507880fc8277ee1c319273b120e6 638.58MB / 1.15GB 863.5s
#5 sha256:8d7ddd137efb816d8241a2b238c619500a90f26505cfec4140f11b55ce1157bb 643.83MB / 1.09GB 866.7s
#5 sha256:31b4cbf1dca73d4c751a998814c1ce9c8cdd761f274c73782270e6f7fe73cdab 652.21MB / 1.42GB 867.9s
#5 sha256:e26e23da3e450407731a7a5802ac87d332f8507880fc8277ee1c319273b120e6 642.78MB / 1.15GB 868.5s
#5 sha256:8d7ddd137efb816d8241a2b238c619500a90f26505cfec4140f11b55ce1157bb 646.97MB / 1.09GB 871.8s
#5 sha256:31b4cbf1dca73d4c751a998814c1ce9c8cdd761f274c73782270e6f7fe73cdab 656.41MB / 1.42GB 873.0s
#5 sha256:e26e23da3e450407731a7a5802ac87d332f8507880fc8277ee1c319273b120e6 646.97MB / 1.15GB 873.6s
#5 sha256:8d7ddd137efb816d8241a2b238c619500a90f26505cfec4140f11b55ce1157bb 651.17MB / 1.09GB 876.9s
#5 sha256:31b4cbf1dca73d4c751a998814c1ce9c8cdd761f274c73782270e6f7fe73cdab 660.60MB / 1.42GB 878.1s
#5 sha256:e26e23da3e450407731a7a5802ac87d332f8507880fc8277ee1c319273b120e6 651.17MB / 1.15GB 878.6s
#5 sha256:8d7ddd137efb816d8241a2b238c619500a90f26505cfec4140f11b55ce1157bb 654.31MB / 1.09GB 882.0s
#5 sha256:31b4cbf1dca73d4c751a998814c1ce9c8cdd761f274c73782270e6f7fe73cdab 664.80MB / 1.42GB 883.1s
#5 sha256:e26e23da3e450407731a7a5802ac87d332f8507880fc8277ee1c319273b120e6 655.36MB / 1.15GB 883.8s
#5 sha256:8d7ddd137efb816d8241a2b238c619500a90f26505cfec4140f11b55ce1157bb 658.51MB / 1.09GB 887.1s
#5 sha256:31b4cbf1dca73d4c751a998814c1ce9c8cdd761f274c73782270e6f7fe73cdab 667.94MB / 1.42GB 888.1s
#5 sha256:e26e23da3e450407731a7a5802ac87d332f8507880fc8277ee1c319273b120e6 659.55MB / 1.15GB 888.9s
#5 sha256:8d7ddd137efb816d8241a2b238c619500a90f26505cfec4140f11b55ce1157bb 662.70MB / 1.09GB 892.3s
#5 sha256:31b4cbf1dca73d4c751a998814c1ce9c8cdd761f274c73782270e6f7fe73cdab 672.14MB / 1.42GB 893.2s
#5 sha256:e26e23da3e450407731a7a5802ac87d332f8507880fc8277ee1c319273b120e6 663.75MB / 1.15GB 894.0s
#5 sha256:8d7ddd137efb816d8241a2b238c619500a90f26505cfec4140f11b55ce1157bb 666.89MB / 1.09GB 897.4s
#5 sha256:31b4cbf1dca73d4c751a998814c1ce9c8cdd761f274c73782270e6f7fe73cdab 676.33MB / 1.42GB 898.3s
#5 sha256:e26e23da3e450407731a7a5802ac87d332f8507880fc8277ee1c319273b120e6 667.94MB / 1.15GB 899.0s
#5 sha256:8d7ddd137efb816d8241a2b238c619500a90f26505cfec4140f11b55ce1157bb 671.09MB / 1.09GB 902.5s
#5 sha256:31b4cbf1dca73d4c751a998814c1ce9c8cdd761f274c73782270e6f7fe73cdab 680.53MB / 1.42GB 903.4s
#5 sha256:e26e23da3e450407731a7a5802ac87d332f8507880fc8277ee1c319273b120e6 671.09MB / 1.15GB 904.1s
#5 sha256:8d7ddd137efb816d8241a2b238c619500a90f26505cfec4140f11b55ce1157bb 675.28MB / 1.09GB 907.7s
#5 sha256:31b4cbf1dca73d4c751a998814c1ce9c8cdd761f274c73782270e6f7fe73cdab 683.67MB / 1.42GB 908.4s
#5 sha256:e26e23da3e450407731a7a5802ac87d332f8507880fc8277ee1c319273b120e6 675.28MB / 1.15GB 909.1s
#5 sha256:8d7ddd137efb816d8241a2b238c619500a90f26505cfec4140f11b55ce1157bb 679.48MB / 1.09GB 912.8s
#5 sha256:31b4cbf1dca73d4c751a998814c1ce9c8cdd761f274c73782270e6f7fe73cdab 687.87MB / 1.42GB 913.4s
#5 sha256:e26e23da3e450407731a7a5802ac87d332f8507880fc8277ee1c319273b120e6 679.48MB / 1.15GB 914.3s
#5 sha256:8d7ddd137efb816d8241a2b238c619500a90f26505cfec4140f11b55ce1157bb 682.62MB / 1.09GB 918.0s
#5 sha256:31b4cbf1dca73d4c751a998814c1ce9c8cdd761f274c73782270e6f7fe73cdab 692.06MB / 1.42GB 918.5s
#5 sha256:e26e23da3e450407731a7a5802ac87d332f8507880fc8277ee1c319273b120e6 684.72MB / 1.15GB 919.4s
#5 sha256:8d7ddd137efb816d8241a2b238c619500a90f26505cfec4140f11b55ce1157bb 686.82MB / 1.09GB 923.0s
#5 sha256:31b4cbf1dca73d4c751a998814c1ce9c8cdd761f274c73782270e6f7fe73cdab 696.25MB / 1.42GB 923.6s
#5 sha256:e26e23da3e450407731a7a5802ac87d332f8507880fc8277ee1c319273b120e6 687.87MB / 1.15GB 924.4s
#5 sha256:8d7ddd137efb816d8241a2b238c619500a90f26505cfec4140f11b55ce1157bb 691.01MB / 1.09GB 928.2s
#5 sha256:31b4cbf1dca73d4c751a998814c1ce9c8cdd761f274c73782270e6f7fe73cdab 699.40MB / 1.42GB 928.7s
#5 sha256:e26e23da3e450407731a7a5802ac87d332f8507880fc8277ee1c319273b120e6 692.06MB / 1.15GB 929.5s
#5 sha256:8d7ddd137efb816d8241a2b238c619500a90f26505cfec4140f11b55ce1157bb 694.16MB / 1.09GB 933.2s
#5 sha256:31b4cbf1dca73d4c751a998814c1ce9c8cdd761f274c73782270e6f7fe73cdab 703.59MB / 1.42GB 933.7s
#5 sha256:e26e23da3e450407731a7a5802ac87d332f8507880fc8277ee1c319273b120e6 696.25MB / 1.15GB 934.5s
#5 sha256:8d7ddd137efb816d8241a2b238c619500a90f26505cfec4140f11b55ce1157bb 698.35MB / 1.09GB 938.4s
#5 sha256:31b4cbf1dca73d4c751a998814c1ce9c8cdd761f274c73782270e6f7fe73cdab 707.79MB / 1.42GB 938.8s
#5 sha256:e26e23da3e450407731a7a5802ac87d332f8507880fc8277ee1c319273b120e6 700.45MB / 1.15GB 939.6s
#5 sha256:8d7ddd137efb816d8241a2b238c619500a90f26505cfec4140f11b55ce1157bb 702.55MB / 1.09GB 943.5s
#5 sha256:31b4cbf1dca73d4c751a998814c1ce9c8cdd761f274c73782270e6f7fe73cdab 711.98MB / 1.42GB 943.8s
#5 sha256:e26e23da3e450407731a7a5802ac87d332f8507880fc8277ee1c319273b120e6 704.64MB / 1.15GB 944.8s
#5 sha256:8d7ddd137efb816d8241a2b238c619500a90f26505cfec4140f11b55ce1157bb 705.69MB / 1.09GB 948.5s
#5 sha256:31b4cbf1dca73d4c751a998814c1ce9c8cdd761f274c73782270e6f7fe73cdab 716.18MB / 1.42GB 948.9s
#5 sha256:e26e23da3e450407731a7a5802ac87d332f8507880fc8277ee1c319273b120e6 708.84MB / 1.15GB 949.9s
#5 sha256:8d7ddd137efb816d8241a2b238c619500a90f26505cfec4140f11b55ce1157bb 709.89MB / 1.09GB 953.5s
#5 sha256:31b4cbf1dca73d4c751a998814c1ce9c8cdd761f274c73782270e6f7fe73cdab 720.37MB / 1.42GB 954.0s
#5 sha256:e26e23da3e450407731a7a5802ac87d332f8507880fc8277ee1c319273b120e6 713.03MB / 1.15GB 955.0s
#5 sha256:8d7ddd137efb816d8241a2b238c619500a90f26505cfec4140f11b55ce1157bb 713.03MB / 1.09GB 958.5s
#5 sha256:31b4cbf1dca73d4c751a998814c1ce9c8cdd761f274c73782270e6f7fe73cdab 724.57MB / 1.42GB 959.2s
#5 sha256:e26e23da3e450407731a7a5802ac87d332f8507880fc8277ee1c319273b120e6 717.23MB / 1.15GB 960.1s
#5 sha256:8d7ddd137efb816d8241a2b238c619500a90f26505cfec4140f11b55ce1157bb 717.23MB / 1.09GB 963.6s
#5 sha256:31b4cbf1dca73d4c751a998814c1ce9c8cdd761f274c73782270e6f7fe73cdab 727.71MB / 1.42GB 964.4s
#5 sha256:e26e23da3e450407731a7a5802ac87d332f8507880fc8277ee1c319273b120e6 721.42MB / 1.15GB 965.2s
#5 sha256:8d7ddd137efb816d8241a2b238c619500a90f26505cfec4140f11b55ce1157bb 721.42MB / 1.09GB 968.7s
#5 sha256:31b4cbf1dca73d4c751a998814c1ce9c8cdd761f274c73782270e6f7fe73cdab 731.91MB / 1.42GB 969.4s
#5 sha256:e26e23da3e450407731a7a5802ac87d332f8507880fc8277ee1c319273b120e6 725.61MB / 1.15GB 970.3s
#5 sha256:8d7ddd137efb816d8241a2b238c619500a90f26505cfec4140f11b55ce1157bb 725.61MB / 1.09GB 973.8s
#5 sha256:31b4cbf1dca73d4c751a998814c1ce9c8cdd761f274c73782270e6f7fe73cdab 735.05MB / 1.42GB 974.5s
#5 sha256:e26e23da3e450407731a7a5802ac87d332f8507880fc8277ee1c319273b120e6 728.76MB / 1.15GB 975.5s
#5 sha256:8d7ddd137efb816d8241a2b238c619500a90f26505cfec4140f11b55ce1157bb 729.81MB / 1.09GB 978.8s
#5 sha256:31b4cbf1dca73d4c751a998814c1ce9c8cdd761f274c73782270e6f7fe73cdab 739.25MB / 1.42GB 979.5s
#5 sha256:e26e23da3e450407731a7a5802ac87d332f8507880fc8277ee1c319273b120e6 732.95MB / 1.15GB 980.7s
#5 sha256:8d7ddd137efb816d8241a2b238c619500a90f26505cfec4140f11b55ce1157bb 734.00MB / 1.09GB 983.8s
#5 sha256:31b4cbf1dca73d4c751a998814c1ce9c8cdd761f274c73782270e6f7fe73cdab 743.44MB / 1.42GB 984.6s
#5 sha256:e26e23da3e450407731a7a5802ac87d332f8507880fc8277ee1c319273b120e6 737.15MB / 1.15GB 985.9s
#5 sha256:8d7ddd137efb816d8241a2b238c619500a90f26505cfec4140f11b55ce1157bb 737.15MB / 1.09GB 988.9s
#5 sha256:31b4cbf1dca73d4c751a998814c1ce9c8cdd761f274c73782270e6f7fe73cdab 747.63MB / 1.42GB 989.6s
#5 sha256:e26e23da3e450407731a7a5802ac87d332f8507880fc8277ee1c319273b120e6 741.34MB / 1.15GB 990.9s
#5 sha256:8d7ddd137efb816d8241a2b238c619500a90f26505cfec4140f11b55ce1157bb 741.34MB / 1.09GB 994.0s
#5 sha256:31b4cbf1dca73d4c751a998814c1ce9c8cdd761f274c73782270e6f7fe73cdab 751.83MB / 1.42GB 994.7s
#5 sha256:e26e23da3e450407731a7a5802ac87d332f8507880fc8277ee1c319273b120e6 745.54MB / 1.15GB 996.1s
#5 sha256:8d7ddd137efb816d8241a2b238c619500a90f26505cfec4140f11b55ce1157bb 745.54MB / 1.09GB 999.1s
#5 sha256:31b4cbf1dca73d4c751a998814c1ce9c8cdd761f274c73782270e6f7fe73cdab 756.02MB / 1.42GB 999.7s
#5 sha256:e26e23da3e450407731a7a5802ac87d332f8507880fc8277ee1c319273b120e6 749.73MB / 1.15GB 1001.2s
#5 sha256:8d7ddd137efb816d8241a2b238c619500a90f26505cfec4140f11b55ce1157bb 749.73MB / 1.09GB 1004.3s
#5 sha256:31b4cbf1dca73d4c751a998814c1ce9c8cdd761f274c73782270e6f7fe73cdab 759.17MB / 1.42GB 1004.8s
#5 sha256:e26e23da3e450407731a7a5802ac87d332f8507880fc8277ee1c319273b120e6 753.93MB / 1.15GB 1006.3s
#5 sha256:8d7ddd137efb816d8241a2b238c619500a90f26505cfec4140f11b55ce1157bb 753.93MB / 1.09GB 1009.4s
#5 sha256:31b4cbf1dca73d4c751a998814c1ce9c8cdd761f274c73782270e6f7fe73cdab 763.36MB / 1.42GB 1009.9s
#5 sha256:e26e23da3e450407731a7a5802ac87d332f8507880fc8277ee1c319273b120e6 758.12MB / 1.15GB 1011.4s
#5 sha256:8d7ddd137efb816d8241a2b238c619500a90f26505cfec4140f11b55ce1157bb 757.07MB / 1.09GB 1014.5s
#5 sha256:31b4cbf1dca73d4c751a998814c1ce9c8cdd761f274c73782270e6f7fe73cdab 767.56MB / 1.42GB 1015.0s
#5 sha256:e26e23da3e450407731a7a5802ac87d332f8507880fc8277ee1c319273b120e6 761.27MB / 1.15GB 1016.4s
#5 sha256:8d7ddd137efb816d8241a2b238c619500a90f26505cfec4140f11b55ce1157bb 761.27MB / 1.09GB 1019.6s
#5 sha256:31b4cbf1dca73d4c751a998814c1ce9c8cdd761f274c73782270e6f7fe73cdab 771.75MB / 1.42GB 1020.1s
#5 sha256:e26e23da3e450407731a7a5802ac87d332f8507880fc8277ee1c319273b120e6 765.46MB / 1.15GB 1021.6s
#5 sha256:8d7ddd137efb816d8241a2b238c619500a90f26505cfec4140f11b55ce1157bb 765.46MB / 1.09GB 1024.6s
#5 sha256:31b4cbf1dca73d4c751a998814c1ce9c8cdd761f274c73782270e6f7fe73cdab 775.95MB / 1.42GB 1025.2s
#5 sha256:e26e23da3e450407731a7a5802ac87d332f8507880fc8277ee1c319273b120e6 769.65MB / 1.15GB 1026.7s
#5 sha256:8d7ddd137efb816d8241a2b238c619500a90f26505cfec4140f11b55ce1157bb 769.65MB / 1.09GB 1029.7s
#5 sha256:31b4cbf1dca73d4c751a998814c1ce9c8cdd761f274c73782270e6f7fe73cdab 779.09MB / 1.42GB 1030.2s
#5 sha256:e26e23da3e450407731a7a5802ac87d332f8507880fc8277ee1c319273b120e6 773.85MB / 1.15GB 1031.8s
#5 sha256:8d7ddd137efb816d8241a2b238c619500a90f26505cfec4140f11b55ce1157bb 773.85MB / 1.09GB 1034.8s
#5 sha256:31b4cbf1dca73d4c751a998814c1ce9c8cdd761f274c73782270e6f7fe73cdab 783.29MB / 1.42GB 1035.3s
#5 sha256:e26e23da3e450407731a7a5802ac87d332f8507880fc8277ee1c319273b120e6 776.99MB / 1.15GB 1036.9s
#5 sha256:8d7ddd137efb816d8241a2b238c619500a90f26505cfec4140f11b55ce1157bb 778.04MB / 1.09GB 1039.8s
#5 sha256:31b4cbf1dca73d4c751a998814c1ce9c8cdd761f274c73782270e6f7fe73cdab 787.48MB / 1.42GB 1040.4s
#5 sha256:e26e23da3e450407731a7a5802ac87d332f8507880fc8277ee1c319273b120e6 781.19MB / 1.15GB 1041.9s
#5 sha256:8d7ddd137efb816d8241a2b238c619500a90f26505cfec4140f11b55ce1157bb 782.24MB / 1.09GB 1044.9s
#5 sha256:31b4cbf1dca73d4c751a998814c1ce9c8cdd761f274c73782270e6f7fe73cdab 790.63MB / 1.42GB 1045.5s
#5 sha256:e26e23da3e450407731a7a5802ac87d332f8507880fc8277ee1c319273b120e6 785.38MB / 1.15GB 1046.9s
#5 sha256:8d7ddd137efb816d8241a2b238c619500a90f26505cfec4140f11b55ce1157bb 786.43MB / 1.09GB 1050.0s
#5 sha256:31b4cbf1dca73d4c751a998814c1ce9c8cdd761f274c73782270e6f7fe73cdab 794.82MB / 1.42GB 1050.6s
#5 sha256:e26e23da3e450407731a7a5802ac87d332f8507880fc8277ee1c319273b120e6 789.58MB / 1.15GB 1052.1s
#5 sha256:8d7ddd137efb816d8241a2b238c619500a90f26505cfec4140f11b55ce1157bb 789.58MB / 1.09GB 1055.0s
#5 sha256:31b4cbf1dca73d4c751a998814c1ce9c8cdd761f274c73782270e6f7fe73cdab 799.01MB / 1.42GB 1055.7s
#5 sha256:e26e23da3e450407731a7a5802ac87d332f8507880fc8277ee1c319273b120e6 792.72MB / 1.15GB 1057.1s
#5 sha256:8d7ddd137efb816d8241a2b238c619500a90f26505cfec4140f11b55ce1157bb 793.77MB / 1.09GB 1060.2s
#5 sha256:31b4cbf1dca73d4c751a998814c1ce9c8cdd761f274c73782270e6f7fe73cdab 803.21MB / 1.42GB 1060.8s
#5 sha256:e26e23da3e450407731a7a5802ac87d332f8507880fc8277ee1c319273b120e6 796.92MB / 1.15GB 1062.1s
#5 sha256:8d7ddd137efb816d8241a2b238c619500a90f26505cfec4140f11b55ce1157bb 797.97MB / 1.09GB 1065.3s
#5 sha256:31b4cbf1dca73d4c751a998814c1ce9c8cdd761f274c73782270e6f7fe73cdab 807.40MB / 1.42GB 1065.9s
#5 sha256:e26e23da3e450407731a7a5802ac87d332f8507880fc8277ee1c319273b120e6 801.11MB / 1.15GB 1067.2s
#5 sha256:8d7ddd137efb816d8241a2b238c619500a90f26505cfec4140f11b55ce1157bb 802.16MB / 1.09GB 1070.4s
#5 sha256:31b4cbf1dca73d4c751a998814c1ce9c8cdd761f274c73782270e6f7fe73cdab 811.60MB / 1.42GB 1070.9s
#5 sha256:e26e23da3e450407731a7a5802ac87d332f8507880fc8277ee1c319273b120e6 804.26MB / 1.15GB 1072.3s
#5 sha256:8d7ddd137efb816d8241a2b238c619500a90f26505cfec4140f11b55ce1157bb 806.35MB / 1.09GB 1075.4s
#5 sha256:31b4cbf1dca73d4c751a998814c1ce9c8cdd761f274c73782270e6f7fe73cdab 815.79MB / 1.42GB 1076.0s
#5 sha256:e26e23da3e450407731a7a5802ac87d332f8507880fc8277ee1c319273b120e6 808.45MB / 1.15GB 1077.4s
#5 sha256:8d7ddd137efb816d8241a2b238c619500a90f26505cfec4140f11b55ce1157bb 810.55MB / 1.09GB 1080.4s
#5 sha256:31b4cbf1dca73d4c751a998814c1ce9c8cdd761f274c73782270e6f7fe73cdab 818.94MB / 1.42GB 1081.0s
#5 sha256:e26e23da3e450407731a7a5802ac87d332f8507880fc8277ee1c319273b120e6 812.65MB / 1.15GB 1082.5s
#5 sha256:8d7ddd137efb816d8241a2b238c619500a90f26505cfec4140f11b55ce1157bb 814.74MB / 1.09GB 1085.5s
#5 sha256:31b4cbf1dca73d4c751a998814c1ce9c8cdd761f274c73782270e6f7fe73cdab 823.13MB / 1.42GB 1086.1s
#5 sha256:e26e23da3e450407731a7a5802ac87d332f8507880fc8277ee1c319273b120e6 816.84MB / 1.15GB 1087.5s
#5 sha256:8d7ddd137efb816d8241a2b238c619500a90f26505cfec4140f11b55ce1157bb 817.89MB / 1.09GB 1090.5s
#5 sha256:31b4cbf1dca73d4c751a998814c1ce9c8cdd761f274c73782270e6f7fe73cdab 827.33MB / 1.42GB 1091.2s
#5 sha256:e26e23da3e450407731a7a5802ac87d332f8507880fc8277ee1c319273b120e6 819.99MB / 1.15GB 1092.5s
#5 sha256:8d7ddd137efb816d8241a2b238c619500a90f26505cfec4140f11b55ce1157bb 822.08MB / 1.09GB 1095.6s
#5 sha256:31b4cbf1dca73d4c751a998814c1ce9c8cdd761f274c73782270e6f7fe73cdab 831.52MB / 1.42GB 1096.2s
#5 sha256:e26e23da3e450407731a7a5802ac87d332f8507880fc8277ee1c319273b120e6 824.18MB / 1.15GB 1097.6s
#5 sha256:8d7ddd137efb816d8241a2b238c619500a90f26505cfec4140f11b55ce1157bb 826.28MB / 1.09GB 1100.7s
#5 sha256:31b4cbf1dca73d4c751a998814c1ce9c8cdd761f274c73782270e6f7fe73cdab 835.72MB / 1.42GB 1101.3s
#5 sha256:e26e23da3e450407731a7a5802ac87d332f8507880fc8277ee1c319273b120e6 828.38MB / 1.15GB 1102.7s
#5 sha256:8d7ddd137efb816d8241a2b238c619500a90f26505cfec4140f11b55ce1157bb 829.42MB / 1.09GB 1105.7s
#5 sha256:31b4cbf1dca73d4c751a998814c1ce9c8cdd761f274c73782270e6f7fe73cdab 839.91MB / 1.42GB 1106.3s
#5 sha256:e26e23da3e450407731a7a5802ac87d332f8507880fc8277ee1c319273b120e6 832.57MB / 1.15GB 1107.7s
#5 sha256:8d7ddd137efb816d8241a2b238c619500a90f26505cfec4140f11b55ce1157bb 833.62MB / 1.09GB 1110.8s
#5 sha256:31b4cbf1dca73d4c751a998814c1ce9c8cdd761f274c73782270e6f7fe73cdab 843.06MB / 1.42GB 1111.5s
#5 sha256:e26e23da3e450407731a7a5802ac87d332f8507880fc8277ee1c319273b120e6 836.76MB / 1.15GB 1112.9s
#5 sha256:8d7ddd137efb816d8241a2b238c619500a90f26505cfec4140f11b55ce1157bb 837.81MB / 1.09GB 1116.0s
#5 sha256:31b4cbf1dca73d4c751a998814c1ce9c8cdd761f274c73782270e6f7fe73cdab 847.25MB / 1.42GB 1116.5s
#5 sha256:e26e23da3e450407731a7a5802ac87d332f8507880fc8277ee1c319273b120e6 840.96MB / 1.15GB 1118.1s
#5 sha256:8d7ddd137efb816d8241a2b238c619500a90f26505cfec4140f11b55ce1157bb 840.96MB / 1.09GB 1121.1s
#5 sha256:31b4cbf1dca73d4c751a998814c1ce9c8cdd761f274c73782270e6f7fe73cdab 851.44MB / 1.42GB 1121.5s
#5 sha256:e26e23da3e450407731a7a5802ac87d332f8507880fc8277ee1c319273b120e6 846.20MB / 1.15GB 1123.1s
#5 sha256:8d7ddd137efb816d8241a2b238c619500a90f26505cfec4140f11b55ce1157bb 845.15MB / 1.09GB 1126.1s
#5 sha256:31b4cbf1dca73d4c751a998814c1ce9c8cdd761f274c73782270e6f7fe73cdab 854.59MB / 1.42GB 1126.7s
#5 sha256:e26e23da3e450407731a7a5802ac87d332f8507880fc8277ee1c319273b120e6 850.40MB / 1.15GB 1128.2s
#5 sha256:8d7ddd137efb816d8241a2b238c619500a90f26505cfec4140f11b55ce1157bb 849.35MB / 1.09GB 1131.2s
#5 sha256:31b4cbf1dca73d4c751a998814c1ce9c8cdd761f274c73782270e6f7fe73cdab 858.78MB / 1.42GB 1131.8s
#5 sha256:e26e23da3e450407731a7a5802ac87d332f8507880fc8277ee1c319273b120e6 854.59MB / 1.15GB 1133.2s
#5 sha256:8d7ddd137efb816d8241a2b238c619500a90f26505cfec4140f11b55ce1157bb 852.49MB / 1.09GB 1136.2s
#5 sha256:31b4cbf1dca73d4c751a998814c1ce9c8cdd761f274c73782270e6f7fe73cdab 861.93MB / 1.42GB 1136.9s
#5 sha256:e26e23da3e450407731a7a5802ac87d332f8507880fc8277ee1c319273b120e6 858.78MB / 1.15GB 1138.4s
#5 sha256:8d7ddd137efb816d8241a2b238c619500a90f26505cfec4140f11b55ce1157bb 856.69MB / 1.09GB 1141.3s
#5 sha256:31b4cbf1dca73d4c751a998814c1ce9c8cdd761f274c73782270e6f7fe73cdab 866.12MB / 1.42GB 1142.1s
#5 sha256:e26e23da3e450407731a7a5802ac87d332f8507880fc8277ee1c319273b120e6 862.98MB / 1.15GB 1143.4s
#5 sha256:8d7ddd137efb816d8241a2b238c619500a90f26505cfec4140f11b55ce1157bb 860.88MB / 1.09GB 1146.3s
#5 sha256:31b4cbf1dca73d4c751a998814c1ce9c8cdd761f274c73782270e6f7fe73cdab 870.32MB / 1.42GB 1147.1s
#5 sha256:e26e23da3e450407731a7a5802ac87d332f8507880fc8277ee1c319273b120e6 867.17MB / 1.15GB 1148.5s
#5 sha256:8d7ddd137efb816d8241a2b238c619500a90f26505cfec4140f11b55ce1157bb 865.08MB / 1.09GB 1151.4s
#5 sha256:31b4cbf1dca73d4c751a998814c1ce9c8cdd761f274c73782270e6f7fe73cdab 874.51MB / 1.42GB 1152.3s
#5 sha256:e26e23da3e450407731a7a5802ac87d332f8507880fc8277ee1c319273b120e6 871.37MB / 1.15GB 1153.6s
#5 sha256:8d7ddd137efb816d8241a2b238c619500a90f26505cfec4140f11b55ce1157bb 868.22MB / 1.09GB 1156.5s
#5 sha256:31b4cbf1dca73d4c751a998814c1ce9c8cdd761f274c73782270e6f7fe73cdab 878.71MB / 1.42GB 1157.3s
#5 sha256:e26e23da3e450407731a7a5802ac87d332f8507880fc8277ee1c319273b120e6 874.51MB / 1.15GB 1158.6s
#5 sha256:8d7ddd137efb816d8241a2b238c619500a90f26505cfec4140f11b55ce1157bb 872.42MB / 1.09GB 1161.5s
#5 sha256:31b4cbf1dca73d4c751a998814c1ce9c8cdd761f274c73782270e6f7fe73cdab 882.90MB / 1.42GB 1162.4s
#5 sha256:e26e23da3e450407731a7a5802ac87d332f8507880fc8277ee1c319273b120e6 879.76MB / 1.15GB 1163.7s
#5 sha256:8d7ddd137efb816d8241a2b238c619500a90f26505cfec4140f11b55ce1157bb 875.56MB / 1.09GB 1166.5s
#5 sha256:31b4cbf1dca73d4c751a998814c1ce9c8cdd761f274c73782270e6f7fe73cdab 886.05MB / 1.42GB 1167.5s
#5 sha256:e26e23da3e450407731a7a5802ac87d332f8507880fc8277ee1c319273b120e6 883.95MB / 1.15GB 1168.8s
#5 sha256:8d7ddd137efb816d8241a2b238c619500a90f26505cfec4140f11b55ce1157bb 879.76MB / 1.09GB 1171.5s
#5 sha256:31b4cbf1dca73d4c751a998814c1ce9c8cdd761f274c73782270e6f7fe73cdab 890.24MB / 1.42GB 1172.5s
#5 sha256:e26e23da3e450407731a7a5802ac87d332f8507880fc8277ee1c319273b120e6 888.14MB / 1.15GB 1174.0s
#5 sha256:8d7ddd137efb816d8241a2b238c619500a90f26505cfec4140f11b55ce1157bb 882.90MB / 1.09GB 1176.6s
#5 sha256:31b4cbf1dca73d4c751a998814c1ce9c8cdd761f274c73782270e6f7fe73cdab 893.39MB / 1.42GB 1177.5s
#5 sha256:e26e23da3e450407731a7a5802ac87d332f8507880fc8277ee1c319273b120e6 892.34MB / 1.15GB 1179.1s
#5 sha256:8d7ddd137efb816d8241a2b238c619500a90f26505cfec4140f11b55ce1157bb 887.10MB / 1.09GB 1181.7s
#5 sha256:31b4cbf1dca73d4c751a998814c1ce9c8cdd761f274c73782270e6f7fe73cdab 897.58MB / 1.42GB 1182.6s
#5 sha256:e26e23da3e450407731a7a5802ac87d332f8507880fc8277ee1c319273b120e6 896.53MB / 1.15GB 1184.1s
#5 sha256:8d7ddd137efb816d8241a2b238c619500a90f26505cfec4140f11b55ce1157bb 891.29MB / 1.09GB 1186.7s
#5 sha256:31b4cbf1dca73d4c751a998814c1ce9c8cdd761f274c73782270e6f7fe73cdab 901.78MB / 1.42GB 1187.6s
#5 sha256:e26e23da3e450407731a7a5802ac87d332f8507880fc8277ee1c319273b120e6 900.73MB / 1.15GB 1189.1s
#5 sha256:8d7ddd137efb816d8241a2b238c619500a90f26505cfec4140f11b55ce1157bb 894.44MB / 1.09GB 1191.7s
#5 sha256:31b4cbf1dca73d4c751a998814c1ce9c8cdd761f274c73782270e6f7fe73cdab 905.97MB / 1.42GB 1192.8s
#5 sha256:e26e23da3e450407731a7a5802ac87d332f8507880fc8277ee1c319273b120e6 904.92MB / 1.15GB 1194.2s
#5 sha256:8d7ddd137efb816d8241a2b238c619500a90f26505cfec4140f11b55ce1157bb 898.63MB / 1.09GB 1196.8s
#5 sha256:31b4cbf1dca73d4c751a998814c1ce9c8cdd761f274c73782270e6f7fe73cdab 910.16MB / 1.42GB 1197.9s
#5 sha256:e26e23da3e450407731a7a5802ac87d332f8507880fc8277ee1c319273b120e6 908.07MB / 1.15GB 1199.2s
#5 sha256:8d7ddd137efb816d8241a2b238c619500a90f26505cfec4140f11b55ce1157bb 902.82MB / 1.09GB 1202.0s
#5 sha256:31b4cbf1dca73d4c751a998814c1ce9c8cdd761f274c73782270e6f7fe73cdab 913.31MB / 1.42GB 1203.0s
#5 sha256:e26e23da3e450407731a7a5802ac87d332f8507880fc8277ee1c319273b120e6 912.26MB / 1.15GB 1204.3s
#5 sha256:8d7ddd137efb816d8241a2b238c619500a90f26505cfec4140f11b55ce1157bb 907.02MB / 1.09GB 1207.1s
#5 sha256:31b4cbf1dca73d4c751a998814c1ce9c8cdd761f274c73782270e6f7fe73cdab 917.50MB / 1.42GB 1208.2s
#5 sha256:e26e23da3e450407731a7a5802ac87d332f8507880fc8277ee1c319273b120e6 916.46MB / 1.15GB 1209.3s
#5 sha256:8d7ddd137efb816d8241a2b238c619500a90f26505cfec4140f11b55ce1157bb 911.21MB / 1.09GB 1212.2s
#5 sha256:31b4cbf1dca73d4c751a998814c1ce9c8cdd761f274c73782270e6f7fe73cdab 921.70MB / 1.42GB 1213.3s
#5 sha256:e26e23da3e450407731a7a5802ac87d332f8507880fc8277ee1c319273b120e6 920.65MB / 1.15GB 1214.4s
#5 sha256:8d7ddd137efb816d8241a2b238c619500a90f26505cfec4140f11b55ce1157bb 915.41MB / 1.09GB 1217.2s
#5 sha256:31b4cbf1dca73d4c751a998814c1ce9c8cdd761f274c73782270e6f7fe73cdab 925.89MB / 1.42GB 1218.5s
#5 sha256:e26e23da3e450407731a7a5802ac87d332f8507880fc8277ee1c319273b120e6 924.84MB / 1.15GB 1219.5s
#5 sha256:8d7ddd137efb816d8241a2b238c619500a90f26505cfec4140f11b55ce1157bb 918.55MB / 1.09GB 1222.4s
#5 sha256:31b4cbf1dca73d4c751a998814c1ce9c8cdd761f274c73782270e6f7fe73cdab 930.09MB / 1.42GB 1223.5s
#5 sha256:e26e23da3e450407731a7a5802ac87d332f8507880fc8277ee1c319273b120e6 927.99MB / 1.15GB 1224.6s
#5 sha256:8d7ddd137efb816d8241a2b238c619500a90f26505cfec4140f11b55ce1157bb 922.75MB / 1.09GB 1227.5s
#5 sha256:31b4cbf1dca73d4c751a998814c1ce9c8cdd761f274c73782270e6f7fe73cdab 935.33MB / 1.42GB 1228.5s
#5 sha256:e26e23da3e450407731a7a5802ac87d332f8507880fc8277ee1c319273b120e6 932.18MB / 1.15GB 1229.7s
#5 sha256:8d7ddd137efb816d8241a2b238c619500a90f26505cfec4140f11b55ce1157bb 925.89MB / 1.09GB 1232.6s
#5 sha256:31b4cbf1dca73d4c751a998814c1ce9c8cdd761f274c73782270e6f7fe73cdab 939.52MB / 1.42GB 1233.7s
#5 sha256:e26e23da3e450407731a7a5802ac87d332f8507880fc8277ee1c319273b120e6 935.33MB / 1.15GB 1234.7s
#5 sha256:8d7ddd137efb816d8241a2b238c619500a90f26505cfec4140f11b55ce1157bb 930.09MB / 1.09GB 1237.6s
#5 sha256:31b4cbf1dca73d4c751a998814c1ce9c8cdd761f274c73782270e6f7fe73cdab 943.72MB / 1.42GB 1238.7s
#5 sha256:e26e23da3e450407731a7a5802ac87d332f8507880fc8277ee1c319273b120e6 939.52MB / 1.15GB 1239.9s
#5 sha256:8d7ddd137efb816d8241a2b238c619500a90f26505cfec4140f11b55ce1157bb 934.28MB / 1.09GB 1242.7s
#5 sha256:31b4cbf1dca73d4c751a998814c1ce9c8cdd761f274c73782270e6f7fe73cdab 947.91MB / 1.42GB 1243.8s
#5 sha256:e26e23da3e450407731a7a5802ac87d332f8507880fc8277ee1c319273b120e6 943.72MB / 1.15GB 1244.9s
#5 sha256:8d7ddd137efb816d8241a2b238c619500a90f26505cfec4140f11b55ce1157bb 938.48MB / 1.09GB 1247.7s
#5 sha256:31b4cbf1dca73d4c751a998814c1ce9c8cdd761f274c73782270e6f7fe73cdab 951.06MB / 1.42GB 1248.9s
#5 sha256:e26e23da3e450407731a7a5802ac87d332f8507880fc8277ee1c319273b120e6 947.91MB / 1.15GB 1250.1s
#5 sha256:8d7ddd137efb816d8241a2b238c619500a90f26505cfec4140f11b55ce1157bb 942.67MB / 1.09GB 1252.9s
#5 sha256:31b4cbf1dca73d4c751a998814c1ce9c8cdd761f274c73782270e6f7fe73cdab 955.25MB / 1.42GB 1254.0s
#5 sha256:e26e23da3e450407731a7a5802ac87d332f8507880fc8277ee1c319273b120e6 952.11MB / 1.15GB 1255.1s
#5 sha256:8d7ddd137efb816d8241a2b238c619500a90f26505cfec4140f11b55ce1157bb 945.82MB / 1.09GB 1258.0s
#5 sha256:31b4cbf1dca73d4c751a998814c1ce9c8cdd761f274c73782270e6f7fe73cdab 958.40MB / 1.42GB 1259.0s
#5 sha256:e26e23da3e450407731a7a5802ac87d332f8507880fc8277ee1c319273b120e6 956.30MB / 1.15GB 1260.2s
#5 sha256:8d7ddd137efb816d8241a2b238c619500a90f26505cfec4140f11b55ce1157bb 950.01MB / 1.09GB 1263.1s
#5 sha256:31b4cbf1dca73d4c751a998814c1ce9c8cdd761f274c73782270e6f7fe73cdab 962.59MB / 1.42GB 1264.1s
#5 sha256:e26e23da3e450407731a7a5802ac87d332f8507880fc8277ee1c319273b120e6 960.50MB / 1.15GB 1265.2s
#5 sha256:8d7ddd137efb816d8241a2b238c619500a90f26505cfec4140f11b55ce1157bb 954.20MB / 1.09GB 1268.2s
#5 sha256:31b4cbf1dca73d4c751a998814c1ce9c8cdd761f274c73782270e6f7fe73cdab 966.79MB / 1.42GB 1269.2s
#5 sha256:e26e23da3e450407731a7a5802ac87d332f8507880fc8277ee1c319273b120e6 964.69MB / 1.15GB 1270.3s
#5 sha256:8d7ddd137efb816d8241a2b238c619500a90f26505cfec4140f11b55ce1157bb 957.35MB / 1.09GB 1273.2s
#5 sha256:31b4cbf1dca73d4c751a998814c1ce9c8cdd761f274c73782270e6f7fe73cdab 970.98MB / 1.42GB 1274.3s
#5 sha256:e26e23da3e450407731a7a5802ac87d332f8507880fc8277ee1c319273b120e6 968.88MB / 1.15GB 1275.4s
#5 sha256:8d7ddd137efb816d8241a2b238c619500a90f26505cfec4140f11b55ce1157bb 961.54MB / 1.09GB 1278.3s
#5 sha256:31b4cbf1dca73d4c751a998814c1ce9c8cdd761f274c73782270e6f7fe73cdab 975.18MB / 1.42GB 1279.5s
#5 sha256:e26e23da3e450407731a7a5802ac87d332f8507880fc8277ee1c319273b120e6 973.08MB / 1.15GB 1280.5s
#5 sha256:8d7ddd137efb816d8241a2b238c619500a90f26505cfec4140f11b55ce1157bb 965.74MB / 1.09GB 1283.4s
#5 sha256:31b4cbf1dca73d4c751a998814c1ce9c8cdd761f274c73782270e6f7fe73cdab 978.32MB / 1.42GB 1284.6s
#5 sha256:e26e23da3e450407731a7a5802ac87d332f8507880fc8277ee1c319273b120e6 977.27MB / 1.15GB 1285.6s
#5 sha256:8d7ddd137efb816d8241a2b238c619500a90f26505cfec4140f11b55ce1157bb 968.88MB / 1.09GB 1288.4s
#5 sha256:31b4cbf1dca73d4c751a998814c1ce9c8cdd761f274c73782270e6f7fe73cdab 982.52MB / 1.42GB 1289.8s
#5 sha256:e26e23da3e450407731a7a5802ac87d332f8507880fc8277ee1c319273b120e6 981.47MB / 1.15GB 1290.8s
#5 sha256:8d7ddd137efb816d8241a2b238c619500a90f26505cfec4140f11b55ce1157bb 973.08MB / 1.09GB 1293.5s
#5 sha256:31b4cbf1dca73d4c751a998814c1ce9c8cdd761f274c73782270e6f7fe73cdab 986.71MB / 1.42GB 1294.8s
#5 sha256:e26e23da3e450407731a7a5802ac87d332f8507880fc8277ee1c319273b120e6 985.66MB / 1.15GB 1296.0s
#5 sha256:8d7ddd137efb816d8241a2b238c619500a90f26505cfec4140f11b55ce1157bb 977.27MB / 1.09GB 1298.5s
#5 sha256:31b4cbf1dca73d4c751a998814c1ce9c8cdd761f274c73782270e6f7fe73cdab 990.90MB / 1.42GB 1299.9s
#5 sha256:e26e23da3e450407731a7a5802ac87d332f8507880fc8277ee1c319273b120e6 989.86MB / 1.15GB 1301.2s
#5 sha256:8d7ddd137efb816d8241a2b238c619500a90f26505cfec4140f11b55ce1157bb 980.42MB / 1.09GB 1303.7s
#5 sha256:31b4cbf1dca73d4c751a998814c1ce9c8cdd761f274c73782270e6f7fe73cdab 995.10MB / 1.42GB 1304.9s
#5 sha256:e26e23da3e450407731a7a5802ac87d332f8507880fc8277ee1c319273b120e6 994.05MB / 1.15GB 1306.2s
#5 sha256:8d7ddd137efb816d8241a2b238c619500a90f26505cfec4140f11b55ce1157bb 984.61MB / 1.09GB 1308.7s
#5 sha256:31b4cbf1dca73d4c751a998814c1ce9c8cdd761f274c73782270e6f7fe73cdab 999.29MB / 1.42GB 1310.0s
#5 sha256:e26e23da3e450407731a7a5802ac87d332f8507880fc8277ee1c319273b120e6 998.24MB / 1.15GB 1311.3s
#5 sha256:8d7ddd137efb816d8241a2b238c619500a90f26505cfec4140f11b55ce1157bb 988.81MB / 1.09GB 1313.8s
#5 sha256:31b4cbf1dca73d4c751a998814c1ce9c8cdd761f274c73782270e6f7fe73cdab 1.00GB / 1.42GB 1315.0s
#5 sha256:e26e23da3e450407731a7a5802ac87d332f8507880fc8277ee1c319273b120e6 1.00GB / 1.15GB 1316.3s
#5 sha256:8d7ddd137efb816d8241a2b238c619500a90f26505cfec4140f11b55ce1157bb 991.95MB / 1.09GB 1318.9s
#5 sha256:31b4cbf1dca73d4c751a998814c1ce9c8cdd761f274c73782270e6f7fe73cdab 1.01GB / 1.42GB 1320.1s
#5 sha256:e26e23da3e450407731a7a5802ac87d332f8507880fc8277ee1c319273b120e6 1.01GB / 1.15GB 1321.4s
#5 sha256:8d7ddd137efb816d8241a2b238c619500a90f26505cfec4140f11b55ce1157bb 996.15MB / 1.09GB 1324.0s
#5 sha256:31b4cbf1dca73d4c751a998814c1ce9c8cdd761f274c73782270e6f7fe73cdab 1.01GB / 1.42GB 1325.2s
#5 sha256:e26e23da3e450407731a7a5802ac87d332f8507880fc8277ee1c319273b120e6 1.01GB / 1.15GB 1326.4s
#5 sha256:8d7ddd137efb816d8241a2b238c619500a90f26505cfec4140f11b55ce1157bb 1.00GB / 1.09GB 1329.2s
#5 sha256:31b4cbf1dca73d4c751a998814c1ce9c8cdd761f274c73782270e6f7fe73cdab 1.02GB / 1.42GB 1330.2s
#5 sha256:e26e23da3e450407731a7a5802ac87d332f8507880fc8277ee1c319273b120e6 1.01GB / 1.15GB 1331.4s
#5 sha256:8d7ddd137efb816d8241a2b238c619500a90f26505cfec4140f11b55ce1157bb 1.00GB / 1.09GB 1334.3s
#5 sha256:31b4cbf1dca73d4c751a998814c1ce9c8cdd761f274c73782270e6f7fe73cdab 1.02GB / 1.42GB 1335.3s
#5 sha256:e26e23da3e450407731a7a5802ac87d332f8507880fc8277ee1c319273b120e6 1.02GB / 1.15GB 1336.4s
#5 sha256:8d7ddd137efb816d8241a2b238c619500a90f26505cfec4140f11b55ce1157bb 1.01GB / 1.09GB 1339.4s
#5 sha256:31b4cbf1dca73d4c751a998814c1ce9c8cdd761f274c73782270e6f7fe73cdab 1.02GB / 1.42GB 1340.4s
#5 sha256:e26e23da3e450407731a7a5802ac87d332f8507880fc8277ee1c319273b120e6 1.02GB / 1.15GB 1341.5s
#5 sha256:8d7ddd137efb816d8241a2b238c619500a90f26505cfec4140f11b55ce1157bb 1.01GB / 1.09GB 1344.4s
#5 sha256:31b4cbf1dca73d4c751a998814c1ce9c8cdd761f274c73782270e6f7fe73cdab 1.03GB / 1.42GB 1345.5s
#5 sha256:e26e23da3e450407731a7a5802ac87d332f8507880fc8277ee1c319273b120e6 1.03GB / 1.15GB 1346.6s
#5 sha256:8d7ddd137efb816d8241a2b238c619500a90f26505cfec4140f11b55ce1157bb 1.02GB / 1.09GB 1349.5s
#5 sha256:31b4cbf1dca73d4c751a998814c1ce9c8cdd761f274c73782270e6f7fe73cdab 1.03GB / 1.42GB 1350.6s
#5 sha256:e26e23da3e450407731a7a5802ac87d332f8507880fc8277ee1c319273b120e6 1.03GB / 1.15GB 1351.6s
#5 sha256:8d7ddd137efb816d8241a2b238c619500a90f26505cfec4140f11b55ce1157bb 1.02GB / 1.09GB 1354.5s
#5 sha256:31b4cbf1dca73d4c751a998814c1ce9c8cdd761f274c73782270e6f7fe73cdab 1.03GB / 1.42GB 1355.6s
#5 sha256:e26e23da3e450407731a7a5802ac87d332f8507880fc8277ee1c319273b120e6 1.03GB / 1.15GB 1356.6s
#5 sha256:8d7ddd137efb816d8241a2b238c619500a90f26505cfec4140f11b55ce1157bb 1.02GB / 1.09GB 1359.5s
#5 sha256:31b4cbf1dca73d4c751a998814c1ce9c8cdd761f274c73782270e6f7fe73cdab 1.04GB / 1.42GB 1360.7s
#5 sha256:e26e23da3e450407731a7a5802ac87d332f8507880fc8277ee1c319273b120e6 1.04GB / 1.15GB 1361.7s
#5 sha256:8d7ddd137efb816d8241a2b238c619500a90f26505cfec4140f11b55ce1157bb 1.03GB / 1.09GB 1364.6s
#5 sha256:31b4cbf1dca73d4c751a998814c1ce9c8cdd761f274c73782270e6f7fe73cdab 1.04GB / 1.42GB 1365.7s
#5 sha256:e26e23da3e450407731a7a5802ac87d332f8507880fc8277ee1c319273b120e6 1.04GB / 1.15GB 1366.7s
#5 sha256:8d7ddd137efb816d8241a2b238c619500a90f26505cfec4140f11b55ce1157bb 1.03GB / 1.09GB 1369.7s
#5 sha256:31b4cbf1dca73d4c751a998814c1ce9c8cdd761f274c73782270e6f7fe73cdab 1.05GB / 1.42GB 1370.9s
#5 sha256:e26e23da3e450407731a7a5802ac87d332f8507880fc8277ee1c319273b120e6 1.05GB / 1.15GB 1371.8s
#5 sha256:8d7ddd137efb816d8241a2b238c619500a90f26505cfec4140f11b55ce1157bb 1.04GB / 1.09GB 1374.8s
#5 sha256:31b4cbf1dca73d4c751a998814c1ce9c8cdd761f274c73782270e6f7fe73cdab 1.05GB / 1.42GB 1375.9s
#5 sha256:e26e23da3e450407731a7a5802ac87d332f8507880fc8277ee1c319273b120e6 1.05GB / 1.15GB 1376.8s
#5 sha256:8d7ddd137efb816d8241a2b238c619500a90f26505cfec4140f11b55ce1157bb 1.04GB / 1.09GB 1379.9s
#5 sha256:31b4cbf1dca73d4c751a998814c1ce9c8cdd761f274c73782270e6f7fe73cdab 1.06GB / 1.42GB 1381.1s
#5 sha256:e26e23da3e450407731a7a5802ac87d332f8507880fc8277ee1c319273b120e6 1.05GB / 1.15GB 1381.8s
#5 sha256:8d7ddd137efb816d8241a2b238c619500a90f26505cfec4140f11b55ce1157bb 1.04GB / 1.09GB 1385.0s
#5 sha256:31b4cbf1dca73d4c751a998814c1ce9c8cdd761f274c73782270e6f7fe73cdab 1.06GB / 1.42GB 1386.2s
#5 sha256:e26e23da3e450407731a7a5802ac87d332f8507880fc8277ee1c319273b120e6 1.06GB / 1.15GB 1387.0s
#5 sha256:8d7ddd137efb816d8241a2b238c619500a90f26505cfec4140f11b55ce1157bb 1.05GB / 1.09GB 1390.1s
#5 sha256:31b4cbf1dca73d4c751a998814c1ce9c8cdd761f274c73782270e6f7fe73cdab 1.06GB / 1.42GB 1391.2s
#5 sha256:e26e23da3e450407731a7a5802ac87d332f8507880fc8277ee1c319273b120e6 1.06GB / 1.15GB 1392.1s
#5 sha256:8d7ddd137efb816d8241a2b238c619500a90f26505cfec4140f11b55ce1157bb 1.05GB / 1.09GB 1395.2s
#5 sha256:31b4cbf1dca73d4c751a998814c1ce9c8cdd761f274c73782270e6f7fe73cdab 1.07GB / 1.42GB 1396.4s
#5 sha256:e26e23da3e450407731a7a5802ac87d332f8507880fc8277ee1c319273b120e6 1.07GB / 1.15GB 1397.3s
#5 sha256:8d7ddd137efb816d8241a2b238c619500a90f26505cfec4140f11b55ce1157bb 1.06GB / 1.09GB 1400.2s
#5 sha256:31b4cbf1dca73d4c751a998814c1ce9c8cdd761f274c73782270e6f7fe73cdab 1.07GB / 1.42GB 1401.5s
#5 sha256:e26e23da3e450407731a7a5802ac87d332f8507880fc8277ee1c319273b120e6 1.07GB / 1.15GB 1402.4s
#5 sha256:8d7ddd137efb816d8241a2b238c619500a90f26505cfec4140f11b55ce1157bb 1.06GB / 1.09GB 1405.3s
#5 sha256:31b4cbf1dca73d4c751a998814c1ce9c8cdd761f274c73782270e6f7fe73cdab 1.08GB / 1.42GB 1406.7s
#5 sha256:e26e23da3e450407731a7a5802ac87d332f8507880fc8277ee1c319273b120e6 1.07GB / 1.15GB 1407.5s
#5 sha256:8d7ddd137efb816d8241a2b238c619500a90f26505cfec4140f11b55ce1157bb 1.06GB / 1.09GB 1410.4s
#5 sha256:31b4cbf1dca73d4c751a998814c1ce9c8cdd761f274c73782270e6f7fe73cdab 1.08GB / 1.42GB 1411.7s
#5 sha256:e26e23da3e450407731a7a5802ac87d332f8507880fc8277ee1c319273b120e6 1.08GB / 1.15GB 1412.6s
#5 sha256:8d7ddd137efb816d8241a2b238c619500a90f26505cfec4140f11b55ce1157bb 1.07GB / 1.09GB 1415.5s
#5 sha256:31b4cbf1dca73d4c751a998814c1ce9c8cdd761f274c73782270e6f7fe73cdab 1.08GB / 1.42GB 1416.8s
#5 sha256:e26e23da3e450407731a7a5802ac87d332f8507880fc8277ee1c319273b120e6 1.08GB / 1.15GB 1417.7s
#5 sha256:8d7ddd137efb816d8241a2b238c619500a90f26505cfec4140f11b55ce1157bb 1.07GB / 1.09GB 1420.6s
#5 sha256:31b4cbf1dca73d4c751a998814c1ce9c8cdd761f274c73782270e6f7fe73cdab 1.09GB / 1.42GB 1421.9s
#5 sha256:e26e23da3e450407731a7a5802ac87d332f8507880fc8277ee1c319273b120e6 1.09GB / 1.15GB 1422.8s
#5 sha256:8d7ddd137efb816d8241a2b238c619500a90f26505cfec4140f11b55ce1157bb 1.08GB / 1.09GB 1425.7s
#5 sha256:31b4cbf1dca73d4c751a998814c1ce9c8cdd761f274c73782270e6f7fe73cdab 1.09GB / 1.42GB 1427.0s
#5 sha256:e26e23da3e450407731a7a5802ac87d332f8507880fc8277ee1c319273b120e6 1.09GB / 1.15GB 1427.8s
#5 sha256:8d7ddd137efb816d8241a2b238c619500a90f26505cfec4140f11b55ce1157bb 1.08GB / 1.09GB 1430.9s
#5 sha256:31b4cbf1dca73d4c751a998814c1ce9c8cdd761f274c73782270e6f7fe73cdab 1.09GB / 1.42GB 1432.1s
#5 sha256:e26e23da3e450407731a7a5802ac87d332f8507880fc8277ee1c319273b120e6 1.09GB / 1.15GB 1432.9s
#5 sha256:8d7ddd137efb816d8241a2b238c619500a90f26505cfec4140f11b55ce1157bb 1.08GB / 1.09GB 1436.0s
#5 sha256:31b4cbf1dca73d4c751a998814c1ce9c8cdd761f274c73782270e6f7fe73cdab 1.10GB / 1.42GB 1437.1s
#5 extracting sha256:8d7ddd137efb816d8241a2b238c619500a90f26505cfec4140f11b55ce1157bb
#5 sha256:8d7ddd137efb816d8241a2b238c619500a90f26505cfec4140f11b55ce1157bb 1.09GB / 1.09GB 1437.3s done
#5 sha256:01340e644d393735f7672e41b4fd08eeb0aad003a6b7b2488b31383de03bab39 0B / 887.70kB 1437.3s
#5 sha256:e26e23da3e450407731a7a5802ac87d332f8507880fc8277ee1c319273b120e6 1.10GB / 1.15GB 1438.0s
#5 sha256:01340e644d393735f7672e41b4fd08eeb0aad003a6b7b2488b31383de03bab39 887.70kB / 887.70kB 1439.4s done
#5 sha256:11b594ba139d13d291d0227243fe068a0e57eed698fa78c7ffeecff933227553 0B / 3.11GB 1439.5s
#5 sha256:31b4cbf1dca73d4c751a998814c1ce9c8cdd761f274c73782270e6f7fe73cdab 1.10GB / 1.42GB 1442.2s
#5 extracting sha256:8d7ddd137efb816d8241a2b238c619500a90f26505cfec4140f11b55ce1157bb 5.0s
#5 sha256:e26e23da3e450407731a7a5802ac87d332f8507880fc8277ee1c319273b120e6 1.10GB / 1.15GB 1443.1s
#5 sha256:11b594ba139d13d291d0227243fe068a0e57eed698fa78c7ffeecff933227553 3.15MB / 3.11GB 1444.6s
#5 extracting sha256:8d7ddd137efb816d8241a2b238c619500a90f26505cfec4140f11b55ce1157bb 9.1s done
#5 extracting sha256:435f0417c8c03cba392ec7a1714bc69a8175f45a0514d0665b74b28335b14884 done
#5 extracting sha256:e5ded0ebc4016fff4cb9f0c70f0c3ce8a3e68ff5f49936fc62af083e797af294 done
#5 extracting sha256:8625dee38d858753c0478a95083b4391cf46fbbd7268f00529fdb43b8018d684 done
#5 sha256:31b4cbf1dca73d4c751a998814c1ce9c8cdd761f274c73782270e6f7fe73cdab 1.11GB / 1.42GB 1447.2s
#5 sha256:e26e23da3e450407731a7a5802ac87d332f8507880fc8277ee1c319273b120e6 1.11GB / 1.15GB 1448.1s
#5 sha256:11b594ba139d13d291d0227243fe068a0e57eed698fa78c7ffeecff933227553 7.34MB / 3.11GB 1449.7s
#5 sha256:31b4cbf1dca73d4c751a998814c1ce9c8cdd761f274c73782270e6f7fe73cdab 1.11GB / 1.42GB 1452.4s
#5 sha256:e26e23da3e450407731a7a5802ac87d332f8507880fc8277ee1c319273b120e6 1.11GB / 1.15GB 1453.2s
#5 sha256:11b594ba139d13d291d0227243fe068a0e57eed698fa78c7ffeecff933227553 11.53MB / 3.11GB 1454.8s
#5 sha256:31b4cbf1dca73d4c751a998814c1ce9c8cdd761f274c73782270e6f7fe73cdab 1.11GB / 1.42GB 1457.5s
#5 sha256:e26e23da3e450407731a7a5802ac87d332f8507880fc8277ee1c319273b120e6 1.11GB / 1.15GB 1458.4s
#5 sha256:11b594ba139d13d291d0227243fe068a0e57eed698fa78c7ffeecff933227553 15.73MB / 3.11GB 1459.9s
#5 sha256:31b4cbf1dca73d4c751a998814c1ce9c8cdd761f274c73782270e6f7fe73cdab 1.12GB / 1.42GB 1462.5s
#5 sha256:e26e23da3e450407731a7a5802ac87d332f8507880fc8277ee1c319273b120e6 1.12GB / 1.15GB 1463.5s
#5 sha256:11b594ba139d13d291d0227243fe068a0e57eed698fa78c7ffeecff933227553 19.92MB / 3.11GB 1464.9s
#5 sha256:31b4cbf1dca73d4c751a998814c1ce9c8cdd761f274c73782270e6f7fe73cdab 1.12GB / 1.42GB 1467.5s
#5 sha256:e26e23da3e450407731a7a5802ac87d332f8507880fc8277ee1c319273b120e6 1.12GB / 1.15GB 1468.5s
#5 sha256:11b594ba139d13d291d0227243fe068a0e57eed698fa78c7ffeecff933227553 24.12MB / 3.11GB 1470.0s
#5 sha256:31b4cbf1dca73d4c751a998814c1ce9c8cdd761f274c73782270e6f7fe73cdab 1.13GB / 1.42GB 1472.7s
#5 sha256:e26e23da3e450407731a7a5802ac87d332f8507880fc8277ee1c319273b120e6 1.13GB / 1.15GB 1473.5s
#5 sha256:11b594ba139d13d291d0227243fe068a0e57eed698fa78c7ffeecff933227553 27.26MB / 3.11GB 1475.0s
#5 sha256:31b4cbf1dca73d4c751a998814c1ce9c8cdd761f274c73782270e6f7fe73cdab 1.13GB / 1.42GB 1477.8s
#5 sha256:e26e23da3e450407731a7a5802ac87d332f8507880fc8277ee1c319273b120e6 1.13GB / 1.15GB 1478.6s
#5 sha256:11b594ba139d13d291d0227243fe068a0e57eed698fa78c7ffeecff933227553 31.46MB / 3.11GB 1480.1s
#5 sha256:31b4cbf1dca73d4c751a998814c1ce9c8cdd761f274c73782270e6f7fe73cdab 1.13GB / 1.42GB 1482.8s
#5 sha256:e26e23da3e450407731a7a5802ac87d332f8507880fc8277ee1c319273b120e6 1.13GB / 1.15GB 1483.7s
#5 sha256:11b594ba139d13d291d0227243fe068a0e57eed698fa78c7ffeecff933227553 35.65MB / 3.11GB 1485.1s
#5 sha256:31b4cbf1dca73d4c751a998814c1ce9c8cdd761f274c73782270e6f7fe73cdab 1.14GB / 1.42GB 1487.9s
#5 sha256:e26e23da3e450407731a7a5802ac87d332f8507880fc8277ee1c319273b120e6 1.14GB / 1.15GB 1488.9s
#5 sha256:11b594ba139d13d291d0227243fe068a0e57eed698fa78c7ffeecff933227553 39.85MB / 3.11GB 1490.3s
#5 sha256:31b4cbf1dca73d4c751a998814c1ce9c8cdd761f274c73782270e6f7fe73cdab 1.14GB / 1.42GB 1493.1s
#5 sha256:e26e23da3e450407731a7a5802ac87d332f8507880fc8277ee1c319273b120e6 1.14GB / 1.15GB 1494.1s
#5 sha256:11b594ba139d13d291d0227243fe068a0e57eed698fa78c7ffeecff933227553 44.04MB / 3.11GB 1495.4s
#5 sha256:31b4cbf1dca73d4c751a998814c1ce9c8cdd761f274c73782270e6f7fe73cdab 1.15GB / 1.42GB 1498.2s
#5 sha256:e26e23da3e450407731a7a5802ac87d332f8507880fc8277ee1c319273b120e6 1.15GB / 1.15GB 1499.1s done
#5 sha256:4f4fb700ef54461cfa02571ae0db9a0dc1e0cdb5577484a6d75e68dc38e8acc1 0B / 32B 1499.2s
#5 sha256:4f4fb700ef54461cfa02571ae0db9a0dc1e0cdb5577484a6d75e68dc38e8acc1 32B / 32B 1499.4s done
#5 sha256:21f821181543606bb2d93e7dcce09966436d749b63b392fa8e06aacca4fdd3e7 0B / 99B 1499.4s
#5 sha256:21f821181543606bb2d93e7dcce09966436d749b63b392fa8e06aacca4fdd3e7 99B / 99B 1499.6s done
#5 sha256:11b594ba139d13d291d0227243fe068a0e57eed698fa78c7ffeecff933227553 48.23MB / 3.11GB 1500.5s
#5 sha256:31b4cbf1dca73d4c751a998814c1ce9c8cdd761f274c73782270e6f7fe73cdab 1.15GB / 1.42GB 1503.4s
#5 sha256:11b594ba139d13d291d0227243fe068a0e57eed698fa78c7ffeecff933227553 53.48MB / 3.11GB 1505.6s
#5 sha256:31b4cbf1dca73d4c751a998814c1ce9c8cdd761f274c73782270e6f7fe73cdab 1.16GB / 1.42GB 1508.4s
#5 sha256:11b594ba139d13d291d0227243fe068a0e57eed698fa78c7ffeecff933227553 59.77MB / 3.11GB 1510.7s
#5 sha256:31b4cbf1dca73d4c751a998814c1ce9c8cdd761f274c73782270e6f7fe73cdab 1.17GB / 1.42GB 1513.5s
#5 sha256:11b594ba139d13d291d0227243fe068a0e57eed698fa78c7ffeecff933227553 66.06MB / 3.11GB 1515.8s
#5 sha256:31b4cbf1dca73d4c751a998814c1ce9c8cdd761f274c73782270e6f7fe73cdab 1.17GB / 1.42GB 1518.6s
#5 sha256:11b594ba139d13d291d0227243fe068a0e57eed698fa78c7ffeecff933227553 71.30MB / 3.11GB 1520.8s
#5 sha256:31b4cbf1dca73d4c751a998814c1ce9c8cdd761f274c73782270e6f7fe73cdab 1.18GB / 1.42GB 1523.6s
#5 sha256:11b594ba139d13d291d0227243fe068a0e57eed698fa78c7ffeecff933227553 76.55MB / 3.11GB 1525.9s
#5 sha256:31b4cbf1dca73d4c751a998814c1ce9c8cdd761f274c73782270e6f7fe73cdab 1.18GB / 1.42GB 1528.7s
#5 sha256:11b594ba139d13d291d0227243fe068a0e57eed698fa78c7ffeecff933227553 82.84MB / 3.11GB 1530.9s
#5 sha256:31b4cbf1dca73d4c751a998814c1ce9c8cdd761f274c73782270e6f7fe73cdab 1.19GB / 1.42GB 1533.8s
#5 sha256:11b594ba139d13d291d0227243fe068a0e57eed698fa78c7ffeecff933227553 89.13MB / 3.11GB 1536.0s
#5 sha256:31b4cbf1dca73d4c751a998814c1ce9c8cdd761f274c73782270e6f7fe73cdab 1.20GB / 1.42GB 1538.9s
#5 sha256:11b594ba139d13d291d0227243fe068a0e57eed698fa78c7ffeecff933227553 94.37MB / 3.11GB 1541.1s
#5 sha256:31b4cbf1dca73d4c751a998814c1ce9c8cdd761f274c73782270e6f7fe73cdab 1.20GB / 1.42GB 1544.1s
#5 sha256:11b594ba139d13d291d0227243fe068a0e57eed698fa78c7ffeecff933227553 100.66MB / 3.11GB 1546.3s
#5 sha256:31b4cbf1dca73d4c751a998814c1ce9c8cdd761f274c73782270e6f7fe73cdab 1.21GB / 1.42GB 1549.2s
#5 sha256:11b594ba139d13d291d0227243fe068a0e57eed698fa78c7ffeecff933227553 106.95MB / 3.11GB 1551.4s
#5 sha256:31b4cbf1dca73d4c751a998814c1ce9c8cdd761f274c73782270e6f7fe73cdab 1.22GB / 1.42GB 1554.3s
#5 sha256:11b594ba139d13d291d0227243fe068a0e57eed698fa78c7ffeecff933227553 112.20MB / 3.11GB 1556.5s
#5 sha256:31b4cbf1dca73d4c751a998814c1ce9c8cdd761f274c73782270e6f7fe73cdab 1.22GB / 1.42GB 1559.3s
#5 sha256:11b594ba139d13d291d0227243fe068a0e57eed698fa78c7ffeecff933227553 118.49MB / 3.11GB 1561.5s
#5 sha256:31b4cbf1dca73d4c751a998814c1ce9c8cdd761f274c73782270e6f7fe73cdab 1.23GB / 1.42GB 1564.4s
#5 sha256:11b594ba139d13d291d0227243fe068a0e57eed698fa78c7ffeecff933227553 123.73MB / 3.11GB 1566.6s
#5 sha256:31b4cbf1dca73d4c751a998814c1ce9c8cdd761f274c73782270e6f7fe73cdab 1.23GB / 1.42GB 1569.5s
#5 sha256:11b594ba139d13d291d0227243fe068a0e57eed698fa78c7ffeecff933227553 130.02MB / 3.11GB 1571.6s
#5 sha256:31b4cbf1dca73d4c751a998814c1ce9c8cdd761f274c73782270e6f7fe73cdab 1.24GB / 1.42GB 1574.6s
#5 sha256:11b594ba139d13d291d0227243fe068a0e57eed698fa78c7ffeecff933227553 136.31MB / 3.11GB 1576.8s
#5 sha256:31b4cbf1dca73d4c751a998814c1ce9c8cdd761f274c73782270e6f7fe73cdab 1.25GB / 1.42GB 1579.6s
#5 sha256:11b594ba139d13d291d0227243fe068a0e57eed698fa78c7ffeecff933227553 141.56MB / 3.11GB 1581.8s
#5 sha256:31b4cbf1dca73d4c751a998814c1ce9c8cdd761f274c73782270e6f7fe73cdab 1.25GB / 1.42GB 1584.7s
#5 sha256:11b594ba139d13d291d0227243fe068a0e57eed698fa78c7ffeecff933227553 147.85MB / 3.11GB 1586.9s
#5 sha256:31b4cbf1dca73d4c751a998814c1ce9c8cdd761f274c73782270e6f7fe73cdab 1.26GB / 1.42GB 1589.8s
#5 sha256:11b594ba139d13d291d0227243fe068a0e57eed698fa78c7ffeecff933227553 154.14MB / 3.11GB 1592.0s
#5 sha256:31b4cbf1dca73d4c751a998814c1ce9c8cdd761f274c73782270e6f7fe73cdab 1.26GB / 1.42GB 1595.0s
#5 sha256:11b594ba139d13d291d0227243fe068a0e57eed698fa78c7ffeecff933227553 159.38MB / 3.11GB 1597.0s
#5 sha256:31b4cbf1dca73d4c751a998814c1ce9c8cdd761f274c73782270e6f7fe73cdab 1.27GB / 1.42GB 1600.0s
#5 sha256:11b594ba139d13d291d0227243fe068a0e57eed698fa78c7ffeecff933227553 165.68MB / 3.11GB 1602.1s
#5 sha256:31b4cbf1dca73d4c751a998814c1ce9c8cdd761f274c73782270e6f7fe73cdab 1.28GB / 1.42GB 1605.1s
#5 sha256:11b594ba139d13d291d0227243fe068a0e57eed698fa78c7ffeecff933227553 170.92MB / 3.11GB 1607.2s
#5 sha256:31b4cbf1dca73d4c751a998814c1ce9c8cdd761f274c73782270e6f7fe73cdab 1.28GB / 1.42GB 1610.2s
#5 sha256:11b594ba139d13d291d0227243fe068a0e57eed698fa78c7ffeecff933227553 177.21MB / 3.11GB 1612.4s
#5 sha256:31b4cbf1dca73d4c751a998814c1ce9c8cdd761f274c73782270e6f7fe73cdab 1.29GB / 1.42GB 1615.3s
#5 sha256:11b594ba139d13d291d0227243fe068a0e57eed698fa78c7ffeecff933227553 183.50MB / 3.11GB 1617.5s
#5 sha256:31b4cbf1dca73d4c751a998814c1ce9c8cdd761f274c73782270e6f7fe73cdab 1.29GB / 1.42GB 1620.4s
#5 sha256:11b594ba139d13d291d0227243fe068a0e57eed698fa78c7ffeecff933227553 188.74MB / 3.11GB 1622.6s
#5 sha256:31b4cbf1dca73d4c751a998814c1ce9c8cdd761f274c73782270e6f7fe73cdab 1.30GB / 1.42GB 1625.5s
#5 sha256:11b594ba139d13d291d0227243fe068a0e57eed698fa78c7ffeecff933227553 195.04MB / 3.11GB 1627.7s
#5 sha256:31b4cbf1dca73d4c751a998814c1ce9c8cdd761f274c73782270e6f7fe73cdab 1.31GB / 1.42GB 1630.6s
#5 sha256:11b594ba139d13d291d0227243fe068a0e57eed698fa78c7ffeecff933227553 200.28MB / 3.11GB 1632.8s
#5 sha256:31b4cbf1dca73d4c751a998814c1ce9c8cdd761f274c73782270e6f7fe73cdab 1.31GB / 1.42GB 1635.7s
#5 sha256:11b594ba139d13d291d0227243fe068a0e57eed698fa78c7ffeecff933227553 206.57MB / 3.11GB 1638.0s
#5 sha256:31b4cbf1dca73d4c751a998814c1ce9c8cdd761f274c73782270e6f7fe73cdab 1.32GB / 1.42GB 1640.7s
#5 sha256:11b594ba139d13d291d0227243fe068a0e57eed698fa78c7ffeecff933227553 212.86MB / 3.11GB 1643.0s
#5 sha256:31b4cbf1dca73d4c751a998814c1ce9c8cdd761f274c73782270e6f7fe73cdab 1.33GB / 1.42GB 1645.8s
#5 sha256:11b594ba139d13d291d0227243fe068a0e57eed698fa78c7ffeecff933227553 218.10MB / 3.11GB 1648.1s
#5 sha256:31b4cbf1dca73d4c751a998814c1ce9c8cdd761f274c73782270e6f7fe73cdab 1.33GB / 1.42GB 1650.8s
#5 sha256:11b594ba139d13d291d0227243fe068a0e57eed698fa78c7ffeecff933227553 224.40MB / 3.11GB 1653.2s
#5 sha256:31b4cbf1dca73d4c751a998814c1ce9c8cdd761f274c73782270e6f7fe73cdab 1.34GB / 1.42GB 1655.9s
#5 sha256:11b594ba139d13d291d0227243fe068a0e57eed698fa78c7ffeecff933227553 229.64MB / 3.11GB 1658.2s
#5 sha256:31b4cbf1dca73d4c751a998814c1ce9c8cdd761f274c73782270e6f7fe73cdab 1.34GB / 1.42GB 1661.0s
#5 sha256:11b594ba139d13d291d0227243fe068a0e57eed698fa78c7ffeecff933227553 235.93MB / 3.11GB 1663.3s
#5 sha256:31b4cbf1dca73d4c751a998814c1ce9c8cdd761f274c73782270e6f7fe73cdab 1.35GB / 1.42GB 1666.1s
#5 sha256:11b594ba139d13d291d0227243fe068a0e57eed698fa78c7ffeecff933227553 241.17MB / 3.11GB 1668.4s
#5 sha256:31b4cbf1dca73d4c751a998814c1ce9c8cdd761f274c73782270e6f7fe73cdab 1.36GB / 1.42GB 1671.2s
#5 sha256:11b594ba139d13d291d0227243fe068a0e57eed698fa78c7ffeecff933227553 247.46MB / 3.11GB 1673.4s
#5 sha256:31b4cbf1dca73d4c751a998814c1ce9c8cdd761f274c73782270e6f7fe73cdab 1.36GB / 1.42GB 1676.2s
#5 sha256:11b594ba139d13d291d0227243fe068a0e57eed698fa78c7ffeecff933227553 253.76MB / 3.11GB 1678.6s
#5 sha256:31b4cbf1dca73d4c751a998814c1ce9c8cdd761f274c73782270e6f7fe73cdab 1.37GB / 1.42GB 1681.2s
#5 sha256:11b594ba139d13d291d0227243fe068a0e57eed698fa78c7ffeecff933227553 260.05MB / 3.11GB 1683.8s
#5 sha256:31b4cbf1dca73d4c751a998814c1ce9c8cdd761f274c73782270e6f7fe73cdab 1.37GB / 1.42GB 1686.3s
#5 sha256:11b594ba139d13d291d0227243fe068a0e57eed698fa78c7ffeecff933227553 265.29MB / 3.11GB 1688.8s
#5 sha256:31b4cbf1dca73d4c751a998814c1ce9c8cdd761f274c73782270e6f7fe73cdab 1.38GB / 1.42GB 1691.3s
#5 sha256:11b594ba139d13d291d0227243fe068a0e57eed698fa78c7ffeecff933227553 271.58MB / 3.11GB 1693.9s
#5 sha256:31b4cbf1dca73d4c751a998814c1ce9c8cdd761f274c73782270e6f7fe73cdab 1.39GB / 1.42GB 1696.4s
#5 sha256:11b594ba139d13d291d0227243fe068a0e57eed698fa78c7ffeecff933227553 277.87MB / 3.11GB 1698.9s
#5 sha256:31b4cbf1dca73d4c751a998814c1ce9c8cdd761f274c73782270e6f7fe73cdab 1.39GB / 1.42GB 1701.5s
#5 sha256:11b594ba139d13d291d0227243fe068a0e57eed698fa78c7ffeecff933227553 283.12MB / 3.11GB 1704.0s
#5 sha256:31b4cbf1dca73d4c751a998814c1ce9c8cdd761f274c73782270e6f7fe73cdab 1.40GB / 1.42GB 1706.5s
#5 sha256:11b594ba139d13d291d0227243fe068a0e57eed698fa78c7ffeecff933227553 289.41MB / 3.11GB 1709.0s
#5 sha256:31b4cbf1dca73d4c751a998814c1ce9c8cdd761f274c73782270e6f7fe73cdab 1.40GB / 1.42GB 1711.6s
#5 sha256:11b594ba139d13d291d0227243fe068a0e57eed698fa78c7ffeecff933227553 294.65MB / 3.11GB 1714.1s
#5 sha256:31b4cbf1dca73d4c751a998814c1ce9c8cdd761f274c73782270e6f7fe73cdab 1.41GB / 1.42GB 1716.7s
#5 sha256:11b594ba139d13d291d0227243fe068a0e57eed698fa78c7ffeecff933227553 300.94MB / 3.11GB 1719.2s
#5 sha256:31b4cbf1dca73d4c751a998814c1ce9c8cdd761f274c73782270e6f7fe73cdab 1.42GB / 1.42GB 1721.8s done
#5 extracting sha256:31b4cbf1dca73d4c751a998814c1ce9c8cdd761f274c73782270e6f7fe73cdab 0.1s
#5 sha256:11b594ba139d13d291d0227243fe068a0e57eed698fa78c7ffeecff933227553 309.33MB / 3.11GB 1724.3s
#5 extracting sha256:31b4cbf1dca73d4c751a998814c1ce9c8cdd761f274c73782270e6f7fe73cdab 5.2s
#5 sha256:11b594ba139d13d291d0227243fe068a0e57eed698fa78c7ffeecff933227553 321.91MB / 3.11GB 1729.4s
#5 extracting sha256:31b4cbf1dca73d4c751a998814c1ce9c8cdd761f274c73782270e6f7fe73cdab 10.2s
#5 sha256:11b594ba139d13d291d0227243fe068a0e57eed698fa78c7ffeecff933227553 333.45MB / 3.11GB 1734.5s
#5 extracting sha256:31b4cbf1dca73d4c751a998814c1ce9c8cdd761f274c73782270e6f7fe73cdab 14.0s done
#5 extracting sha256:f9334d026a1621c2906b9ba8170f3d20a1b5bf527da3e30197d5085e86a7a492
#5 extracting sha256:f9334d026a1621c2906b9ba8170f3d20a1b5bf527da3e30197d5085e86a7a492 done
#5 extracting sha256:e26e23da3e450407731a7a5802ac87d332f8507880fc8277ee1c319273b120e6 0.1s
#5 sha256:11b594ba139d13d291d0227243fe068a0e57eed698fa78c7ffeecff933227553 344.98MB / 3.11GB 1739.5s
#5 extracting sha256:e26e23da3e450407731a7a5802ac87d332f8507880fc8277ee1c319273b120e6 5.2s
#5 sha256:11b594ba139d13d291d0227243fe068a0e57eed698fa78c7ffeecff933227553 357.56MB / 3.11GB 1744.5s
#5 extracting sha256:e26e23da3e450407731a7a5802ac87d332f8507880fc8277ee1c319273b120e6 9.9s done
#5 extracting sha256:01340e644d393735f7672e41b4fd08eeb0aad003a6b7b2488b31383de03bab39 0.0s done
#5 sha256:11b594ba139d13d291d0227243fe068a0e57eed698fa78c7ffeecff933227553 369.10MB / 3.11GB 1749.5s
#5 sha256:11b594ba139d13d291d0227243fe068a0e57eed698fa78c7ffeecff933227553 380.63MB / 3.11GB 1754.6s
#5 sha256:11b594ba139d13d291d0227243fe068a0e57eed698fa78c7ffeecff933227553 392.17MB / 3.11GB 1759.6s
#5 sha256:11b594ba139d13d291d0227243fe068a0e57eed698fa78c7ffeecff933227553 404.75MB / 3.11GB 1764.7s
#5 sha256:11b594ba139d13d291d0227243fe068a0e57eed698fa78c7ffeecff933227553 416.28MB / 3.11GB 1769.8s
#5 sha256:11b594ba139d13d291d0227243fe068a0e57eed698fa78c7ffeecff933227553 428.87MB / 3.11GB 1774.9s
#5 sha256:11b594ba139d13d291d0227243fe068a0e57eed698fa78c7ffeecff933227553 440.40MB / 3.11GB 1780.1s
#5 sha256:11b594ba139d13d291d0227243fe068a0e57eed698fa78c7ffeecff933227553 452.98MB / 3.11GB 1785.3s
#5 sha256:11b594ba139d13d291d0227243fe068a0e57eed698fa78c7ffeecff933227553 464.52MB / 3.11GB 1790.4s
#5 sha256:11b594ba139d13d291d0227243fe068a0e57eed698fa78c7ffeecff933227553 477.10MB / 3.11GB 1795.5s
#5 sha256:11b594ba139d13d291d0227243fe068a0e57eed698fa78c7ffeecff933227553 488.64MB / 3.11GB 1800.6s
#5 sha256:11b594ba139d13d291d0227243fe068a0e57eed698fa78c7ffeecff933227553 500.17MB / 3.11GB 1805.6s
#5 sha256:11b594ba139d13d291d0227243fe068a0e57eed698fa78c7ffeecff933227553 512.75MB / 3.11GB 1810.7s
#5 sha256:11b594ba139d13d291d0227243fe068a0e57eed698fa78c7ffeecff933227553 524.29MB / 3.11GB 1815.8s
#5 sha256:11b594ba139d13d291d0227243fe068a0e57eed698fa78c7ffeecff933227553 536.87MB / 3.11GB 1820.9s
#5 sha256:11b594ba139d13d291d0227243fe068a0e57eed698fa78c7ffeecff933227553 548.41MB / 3.11GB 1825.9s
#5 sha256:11b594ba139d13d291d0227243fe068a0e57eed698fa78c7ffeecff933227553 560.99MB / 3.11GB 1831.1s
#5 sha256:11b594ba139d13d291d0227243fe068a0e57eed698fa78c7ffeecff933227553 572.52MB / 3.11GB 1836.1s
#5 sha256:11b594ba139d13d291d0227243fe068a0e57eed698fa78c7ffeecff933227553 584.06MB / 3.11GB 1841.2s
#5 sha256:11b594ba139d13d291d0227243fe068a0e57eed698fa78c7ffeecff933227553 596.64MB / 3.11GB 1846.3s
#5 sha256:11b594ba139d13d291d0227243fe068a0e57eed698fa78c7ffeecff933227553 608.17MB / 3.11GB 1851.4s
#5 sha256:11b594ba139d13d291d0227243fe068a0e57eed698fa78c7ffeecff933227553 619.71MB / 3.11GB 1856.4s
#5 sha256:11b594ba139d13d291d0227243fe068a0e57eed698fa78c7ffeecff933227553 632.29MB / 3.11GB 1861.5s
#5 sha256:11b594ba139d13d291d0227243fe068a0e57eed698fa78c7ffeecff933227553 643.83MB / 3.11GB 1866.7s
#5 sha256:11b594ba139d13d291d0227243fe068a0e57eed698fa78c7ffeecff933227553 656.41MB / 3.11GB 1871.7s
#5 sha256:11b594ba139d13d291d0227243fe068a0e57eed698fa78c7ffeecff933227553 667.94MB / 3.11GB 1876.8s
#5 sha256:11b594ba139d13d291d0227243fe068a0e57eed698fa78c7ffeecff933227553 680.53MB / 3.11GB 1881.9s
#5 sha256:11b594ba139d13d291d0227243fe068a0e57eed698fa78c7ffeecff933227553 692.06MB / 3.11GB 1887.0s
#5 sha256:11b594ba139d13d291d0227243fe068a0e57eed698fa78c7ffeecff933227553 704.64MB / 3.11GB 1892.2s
#5 sha256:11b594ba139d13d291d0227243fe068a0e57eed698fa78c7ffeecff933227553 716.18MB / 3.11GB 1897.3s
#5 sha256:11b594ba139d13d291d0227243fe068a0e57eed698fa78c7ffeecff933227553 728.76MB / 3.11GB 1902.4s
#5 sha256:11b594ba139d13d291d0227243fe068a0e57eed698fa78c7ffeecff933227553 740.29MB / 3.11GB 1907.5s
#5 sha256:11b594ba139d13d291d0227243fe068a0e57eed698fa78c7ffeecff933227553 751.83MB / 3.11GB 1912.5s
#5 sha256:11b594ba139d13d291d0227243fe068a0e57eed698fa78c7ffeecff933227553 764.41MB / 3.11GB 1917.6s
#5 sha256:11b594ba139d13d291d0227243fe068a0e57eed698fa78c7ffeecff933227553 775.95MB / 3.11GB 1922.7s
#5 sha256:11b594ba139d13d291d0227243fe068a0e57eed698fa78c7ffeecff933227553 788.53MB / 3.11GB 1927.8s
#5 sha256:11b594ba139d13d291d0227243fe068a0e57eed698fa78c7ffeecff933227553 800.06MB / 3.11GB 1932.9s
#5 sha256:11b594ba139d13d291d0227243fe068a0e57eed698fa78c7ffeecff933227553 812.65MB / 3.11GB 1938.0s
#5 sha256:11b594ba139d13d291d0227243fe068a0e57eed698fa78c7ffeecff933227553 824.18MB / 3.11GB 1943.0s
#5 sha256:11b594ba139d13d291d0227243fe068a0e57eed698fa78c7ffeecff933227553 836.76MB / 3.11GB 1948.2s
#5 sha256:11b594ba139d13d291d0227243fe068a0e57eed698fa78c7ffeecff933227553 848.30MB / 3.11GB 1953.2s
#5 sha256:11b594ba139d13d291d0227243fe068a0e57eed698fa78c7ffeecff933227553 859.83MB / 3.11GB 1958.3s
#5 sha256:11b594ba139d13d291d0227243fe068a0e57eed698fa78c7ffeecff933227553 872.42MB / 3.11GB 1963.4s
#5 sha256:11b594ba139d13d291d0227243fe068a0e57eed698fa78c7ffeecff933227553 883.95MB / 3.11GB 1968.5s
#5 sha256:11b594ba139d13d291d0227243fe068a0e57eed698fa78c7ffeecff933227553 896.53MB / 3.11GB 1973.6s
#5 sha256:11b594ba139d13d291d0227243fe068a0e57eed698fa78c7ffeecff933227553 908.07MB / 3.11GB 1978.6s
#5 sha256:11b594ba139d13d291d0227243fe068a0e57eed698fa78c7ffeecff933227553 920.65MB / 3.11GB 1983.8s
#5 sha256:11b594ba139d13d291d0227243fe068a0e57eed698fa78c7ffeecff933227553 932.18MB / 3.11GB 1988.9s
#5 sha256:11b594ba139d13d291d0227243fe068a0e57eed698fa78c7ffeecff933227553 944.77MB / 3.11GB 1994.0s
#5 sha256:11b594ba139d13d291d0227243fe068a0e57eed698fa78c7ffeecff933227553 956.30MB / 3.11GB 1999.1s
#5 sha256:11b594ba139d13d291d0227243fe068a0e57eed698fa78c7ffeecff933227553 967.84MB / 3.11GB 2004.2s
#5 sha256:11b594ba139d13d291d0227243fe068a0e57eed698fa78c7ffeecff933227553 980.42MB / 3.11GB 2009.3s
#5 sha256:11b594ba139d13d291d0227243fe068a0e57eed698fa78c7ffeecff933227553 991.95MB / 3.11GB 2014.4s
#5 sha256:11b594ba139d13d291d0227243fe068a0e57eed698fa78c7ffeecff933227553 1.00GB / 3.11GB 2019.5s
#5 sha256:11b594ba139d13d291d0227243fe068a0e57eed698fa78c7ffeecff933227553 1.02GB / 3.11GB 2024.7s
#5 sha256:11b594ba139d13d291d0227243fe068a0e57eed698fa78c7ffeecff933227553 1.03GB / 3.11GB 2029.9s
#5 sha256:11b594ba139d13d291d0227243fe068a0e57eed698fa78c7ffeecff933227553 1.04GB / 3.11GB 2034.9s
#5 sha256:11b594ba139d13d291d0227243fe068a0e57eed698fa78c7ffeecff933227553 1.05GB / 3.11GB 2039.9s
#5 sha256:11b594ba139d13d291d0227243fe068a0e57eed698fa78c7ffeecff933227553 1.06GB / 3.11GB 2045.0s
#5 sha256:11b594ba139d13d291d0227243fe068a0e57eed698fa78c7ffeecff933227553 1.08GB / 3.11GB 2050.0s
#5 sha256:11b594ba139d13d291d0227243fe068a0e57eed698fa78c7ffeecff933227553 1.09GB / 3.11GB 2055.1s
#5 sha256:11b594ba139d13d291d0227243fe068a0e57eed698fa78c7ffeecff933227553 1.10GB / 3.11GB 2060.1s
#5 sha256:11b594ba139d13d291d0227243fe068a0e57eed698fa78c7ffeecff933227553 1.11GB / 3.11GB 2065.1s
#5 sha256:11b594ba139d13d291d0227243fe068a0e57eed698fa78c7ffeecff933227553 1.12GB / 3.11GB 2070.2s
#5 sha256:11b594ba139d13d291d0227243fe068a0e57eed698fa78c7ffeecff933227553 1.14GB / 3.11GB 2075.3s
#5 sha256:11b594ba139d13d291d0227243fe068a0e57eed698fa78c7ffeecff933227553 1.15GB / 3.11GB 2080.4s
#5 sha256:11b594ba139d13d291d0227243fe068a0e57eed698fa78c7ffeecff933227553 1.16GB / 3.11GB 2085.5s
#5 sha256:11b594ba139d13d291d0227243fe068a0e57eed698fa78c7ffeecff933227553 1.17GB / 3.11GB 2090.5s
#5 sha256:11b594ba139d13d291d0227243fe068a0e57eed698fa78c7ffeecff933227553 1.18GB / 3.11GB 2095.5s
#5 sha256:11b594ba139d13d291d0227243fe068a0e57eed698fa78c7ffeecff933227553 1.20GB / 3.11GB 2100.5s
#5 sha256:11b594ba139d13d291d0227243fe068a0e57eed698fa78c7ffeecff933227553 1.21GB / 3.11GB 2105.6s
#5 sha256:11b594ba139d13d291d0227243fe068a0e57eed698fa78c7ffeecff933227553 1.22GB / 3.11GB 2110.7s
#5 sha256:11b594ba139d13d291d0227243fe068a0e57eed698fa78c7ffeecff933227553 1.23GB / 3.11GB 2115.9s
#5 sha256:11b594ba139d13d291d0227243fe068a0e57eed698fa78c7ffeecff933227553 1.24GB / 3.11GB 2121.0s
#5 sha256:11b594ba139d13d291d0227243fe068a0e57eed698fa78c7ffeecff933227553 1.26GB / 3.11GB 2126.1s
#5 sha256:11b594ba139d13d291d0227243fe068a0e57eed698fa78c7ffeecff933227553 1.27GB / 3.11GB 2131.2s
#5 sha256:11b594ba139d13d291d0227243fe068a0e57eed698fa78c7ffeecff933227553 1.28GB / 3.11GB 2136.2s
#5 sha256:11b594ba139d13d291d0227243fe068a0e57eed698fa78c7ffeecff933227553 1.29GB / 3.11GB 2141.3s
#5 sha256:11b594ba139d13d291d0227243fe068a0e57eed698fa78c7ffeecff933227553 1.30GB / 3.11GB 2146.4s
#5 sha256:11b594ba139d13d291d0227243fe068a0e57eed698fa78c7ffeecff933227553 1.31GB / 3.11GB 2151.4s
#5 sha256:11b594ba139d13d291d0227243fe068a0e57eed698fa78c7ffeecff933227553 1.33GB / 3.11GB 2156.5s
#5 sha256:11b594ba139d13d291d0227243fe068a0e57eed698fa78c7ffeecff933227553 1.34GB / 3.11GB 2161.6s
#5 sha256:11b594ba139d13d291d0227243fe068a0e57eed698fa78c7ffeecff933227553 1.35GB / 3.11GB 2166.7s
#5 sha256:11b594ba139d13d291d0227243fe068a0e57eed698fa78c7ffeecff933227553 1.36GB / 3.11GB 2171.8s
#5 sha256:11b594ba139d13d291d0227243fe068a0e57eed698fa78c7ffeecff933227553 1.37GB / 3.11GB 2176.8s
#5 sha256:11b594ba139d13d291d0227243fe068a0e57eed698fa78c7ffeecff933227553 1.39GB / 3.11GB 2181.8s
#5 sha256:11b594ba139d13d291d0227243fe068a0e57eed698fa78c7ffeecff933227553 1.40GB / 3.11GB 2187.0s
#5 sha256:11b594ba139d13d291d0227243fe068a0e57eed698fa78c7ffeecff933227553 1.41GB / 3.11GB 2192.1s
#5 sha256:11b594ba139d13d291d0227243fe068a0e57eed698fa78c7ffeecff933227553 1.42GB / 3.11GB 2197.3s
#5 sha256:11b594ba139d13d291d0227243fe068a0e57eed698fa78c7ffeecff933227553 1.44GB / 3.11GB 2202.3s
#5 sha256:11b594ba139d13d291d0227243fe068a0e57eed698fa78c7ffeecff933227553 1.45GB / 3.11GB 2207.3s
#5 sha256:11b594ba139d13d291d0227243fe068a0e57eed698fa78c7ffeecff933227553 1.46GB / 3.11GB 2212.4s
#5 sha256:11b594ba139d13d291d0227243fe068a0e57eed698fa78c7ffeecff933227553 1.47GB / 3.11GB 2217.5s
#5 sha256:11b594ba139d13d291d0227243fe068a0e57eed698fa78c7ffeecff933227553 1.48GB / 3.11GB 2222.7s
#5 sha256:11b594ba139d13d291d0227243fe068a0e57eed698fa78c7ffeecff933227553 1.50GB / 3.11GB 2227.7s
#5 sha256:11b594ba139d13d291d0227243fe068a0e57eed698fa78c7ffeecff933227553 1.51GB / 3.11GB 2232.9s
#5 sha256:11b594ba139d13d291d0227243fe068a0e57eed698fa78c7ffeecff933227553 1.52GB / 3.11GB 2238.0s
#5 sha256:11b594ba139d13d291d0227243fe068a0e57eed698fa78c7ffeecff933227553 1.53GB / 3.11GB 2243.1s
#5 sha256:11b594ba139d13d291d0227243fe068a0e57eed698fa78c7ffeecff933227553 1.54GB / 3.11GB 2248.2s
#5 sha256:11b594ba139d13d291d0227243fe068a0e57eed698fa78c7ffeecff933227553 1.56GB / 3.11GB 2253.3s
#5 sha256:11b594ba139d13d291d0227243fe068a0e57eed698fa78c7ffeecff933227553 1.57GB / 3.11GB 2258.3s
#5 sha256:11b594ba139d13d291d0227243fe068a0e57eed698fa78c7ffeecff933227553 1.58GB / 3.11GB 2263.4s
#5 sha256:11b594ba139d13d291d0227243fe068a0e57eed698fa78c7ffeecff933227553 1.59GB / 3.11GB 2268.5s
#5 sha256:11b594ba139d13d291d0227243fe068a0e57eed698fa78c7ffeecff933227553 1.60GB / 3.11GB 2273.6s
#5 sha256:11b594ba139d13d291d0227243fe068a0e57eed698fa78c7ffeecff933227553 1.61GB / 3.11GB 2278.7s
#5 sha256:11b594ba139d13d291d0227243fe068a0e57eed698fa78c7ffeecff933227553 1.63GB / 3.11GB 2283.8s
#5 sha256:11b594ba139d13d291d0227243fe068a0e57eed698fa78c7ffeecff933227553 1.64GB / 3.11GB 2288.9s
#5 sha256:11b594ba139d13d291d0227243fe068a0e57eed698fa78c7ffeecff933227553 1.65GB / 3.11GB 2294.0s
#5 sha256:11b594ba139d13d291d0227243fe068a0e57eed698fa78c7ffeecff933227553 1.66GB / 3.11GB 2299.0s
#5 sha256:11b594ba139d13d291d0227243fe068a0e57eed698fa78c7ffeecff933227553 1.67GB / 3.11GB 2304.0s
#5 sha256:11b594ba139d13d291d0227243fe068a0e57eed698fa78c7ffeecff933227553 1.69GB / 3.11GB 2309.1s
#5 sha256:11b594ba139d13d291d0227243fe068a0e57eed698fa78c7ffeecff933227553 1.70GB / 3.11GB 2314.2s
#5 sha256:11b594ba139d13d291d0227243fe068a0e57eed698fa78c7ffeecff933227553 1.71GB / 3.11GB 2319.2s
#5 sha256:11b594ba139d13d291d0227243fe068a0e57eed698fa78c7ffeecff933227553 1.72GB / 3.11GB 2324.3s
#5 sha256:11b594ba139d13d291d0227243fe068a0e57eed698fa78c7ffeecff933227553 1.73GB / 3.11GB 2329.4s
#5 sha256:11b594ba139d13d291d0227243fe068a0e57eed698fa78c7ffeecff933227553 1.75GB / 3.11GB 2334.5s
#5 sha256:11b594ba139d13d291d0227243fe068a0e57eed698fa78c7ffeecff933227553 1.76GB / 3.11GB 2339.5s
#5 sha256:11b594ba139d13d291d0227243fe068a0e57eed698fa78c7ffeecff933227553 1.77GB / 3.11GB 2344.6s
#5 sha256:11b594ba139d13d291d0227243fe068a0e57eed698fa78c7ffeecff933227553 1.78GB / 3.11GB 2349.7s
#5 sha256:11b594ba139d13d291d0227243fe068a0e57eed698fa78c7ffeecff933227553 1.79GB / 3.11GB 2354.9s
#5 sha256:11b594ba139d13d291d0227243fe068a0e57eed698fa78c7ffeecff933227553 1.81GB / 3.11GB 2359.9s
#5 sha256:11b594ba139d13d291d0227243fe068a0e57eed698fa78c7ffeecff933227553 1.82GB / 3.11GB 2365.0s
#5 sha256:11b594ba139d13d291d0227243fe068a0e57eed698fa78c7ffeecff933227553 1.83GB / 3.11GB 2370.1s
#5 sha256:11b594ba139d13d291d0227243fe068a0e57eed698fa78c7ffeecff933227553 1.84GB / 3.11GB 2375.3s
#5 sha256:11b594ba139d13d291d0227243fe068a0e57eed698fa78c7ffeecff933227553 1.85GB / 3.11GB 2380.4s
#5 sha256:11b594ba139d13d291d0227243fe068a0e57eed698fa78c7ffeecff933227553 1.87GB / 3.11GB 2385.4s
#5 sha256:11b594ba139d13d291d0227243fe068a0e57eed698fa78c7ffeecff933227553 1.88GB / 3.11GB 2390.6s
#5 sha256:11b594ba139d13d291d0227243fe068a0e57eed698fa78c7ffeecff933227553 1.89GB / 3.11GB 2395.7s
#5 sha256:11b594ba139d13d291d0227243fe068a0e57eed698fa78c7ffeecff933227553 1.90GB / 3.11GB 2400.8s
#5 sha256:11b594ba139d13d291d0227243fe068a0e57eed698fa78c7ffeecff933227553 1.91GB / 3.11GB 2406.0s
#5 sha256:11b594ba139d13d291d0227243fe068a0e57eed698fa78c7ffeecff933227553 1.93GB / 3.11GB 2411.0s
#5 sha256:11b594ba139d13d291d0227243fe068a0e57eed698fa78c7ffeecff933227553 1.94GB / 3.11GB 2416.1s
#5 sha256:11b594ba139d13d291d0227243fe068a0e57eed698fa78c7ffeecff933227553 1.95GB / 3.11GB 2421.2s
#5 sha256:11b594ba139d13d291d0227243fe068a0e57eed698fa78c7ffeecff933227553 1.96GB / 3.11GB 2426.3s
#5 sha256:11b594ba139d13d291d0227243fe068a0e57eed698fa78c7ffeecff933227553 1.97GB / 3.11GB 2431.4s
#5 sha256:11b594ba139d13d291d0227243fe068a0e57eed698fa78c7ffeecff933227553 1.99GB / 3.11GB 2436.5s
#5 sha256:11b594ba139d13d291d0227243fe068a0e57eed698fa78c7ffeecff933227553 2.00GB / 3.11GB 2441.6s
#5 sha256:11b594ba139d13d291d0227243fe068a0e57eed698fa78c7ffeecff933227553 2.01GB / 3.11GB 2446.6s
#5 sha256:11b594ba139d13d291d0227243fe068a0e57eed698fa78c7ffeecff933227553 2.02GB / 3.11GB 2451.6s
#5 sha256:11b594ba139d13d291d0227243fe068a0e57eed698fa78c7ffeecff933227553 2.03GB / 3.11GB 2456.7s
#5 sha256:11b594ba139d13d291d0227243fe068a0e57eed698fa78c7ffeecff933227553 2.05GB / 3.11GB 2461.7s
#5 sha256:11b594ba139d13d291d0227243fe068a0e57eed698fa78c7ffeecff933227553 2.06GB / 3.11GB 2466.7s
#5 sha256:11b594ba139d13d291d0227243fe068a0e57eed698fa78c7ffeecff933227553 2.07GB / 3.11GB 2471.8s
#5 sha256:11b594ba139d13d291d0227243fe068a0e57eed698fa78c7ffeecff933227553 2.08GB / 3.11GB 2476.8s
#5 sha256:11b594ba139d13d291d0227243fe068a0e57eed698fa78c7ffeecff933227553 2.09GB / 3.11GB 2481.9s
#5 sha256:11b594ba139d13d291d0227243fe068a0e57eed698fa78c7ffeecff933227553 2.11GB / 3.11GB 2487.1s
#5 sha256:11b594ba139d13d291d0227243fe068a0e57eed698fa78c7ffeecff933227553 2.12GB / 3.11GB 2492.2s
#5 sha256:11b594ba139d13d291d0227243fe068a0e57eed698fa78c7ffeecff933227553 2.13GB / 3.11GB 2497.3s
#5 sha256:11b594ba139d13d291d0227243fe068a0e57eed698fa78c7ffeecff933227553 2.14GB / 3.11GB 2502.4s
#5 sha256:11b594ba139d13d291d0227243fe068a0e57eed698fa78c7ffeecff933227553 2.15GB / 3.11GB 2507.5s
#5 sha256:11b594ba139d13d291d0227243fe068a0e57eed698fa78c7ffeecff933227553 2.17GB / 3.11GB 2512.7s
#5 sha256:11b594ba139d13d291d0227243fe068a0e57eed698fa78c7ffeecff933227553 2.18GB / 3.11GB 2517.8s
#5 sha256:11b594ba139d13d291d0227243fe068a0e57eed698fa78c7ffeecff933227553 2.19GB / 3.11GB 2522.9s
#5 sha256:11b594ba139d13d291d0227243fe068a0e57eed698fa78c7ffeecff933227553 2.20GB / 3.11GB 2528.1s
#5 sha256:11b594ba139d13d291d0227243fe068a0e57eed698fa78c7ffeecff933227553 2.21GB / 3.11GB 2533.1s
#5 sha256:11b594ba139d13d291d0227243fe068a0e57eed698fa78c7ffeecff933227553 2.23GB / 3.11GB 2538.2s
#5 sha256:11b594ba139d13d291d0227243fe068a0e57eed698fa78c7ffeecff933227553 2.24GB / 3.11GB 2543.3s
#5 sha256:11b594ba139d13d291d0227243fe068a0e57eed698fa78c7ffeecff933227553 2.25GB / 3.11GB 2548.5s
#5 sha256:11b594ba139d13d291d0227243fe068a0e57eed698fa78c7ffeecff933227553 2.26GB / 3.11GB 2553.5s
#5 sha256:11b594ba139d13d291d0227243fe068a0e57eed698fa78c7ffeecff933227553 2.27GB / 3.11GB 2558.5s
#5 sha256:11b594ba139d13d291d0227243fe068a0e57eed698fa78c7ffeecff933227553 2.29GB / 3.11GB 2563.6s
#5 sha256:11b594ba139d13d291d0227243fe068a0e57eed698fa78c7ffeecff933227553 2.30GB / 3.11GB 2568.7s
#5 sha256:11b594ba139d13d291d0227243fe068a0e57eed698fa78c7ffeecff933227553 2.31GB / 3.11GB 2573.7s
#5 sha256:11b594ba139d13d291d0227243fe068a0e57eed698fa78c7ffeecff933227553 2.32GB / 3.11GB 2578.7s
#5 sha256:11b594ba139d13d291d0227243fe068a0e57eed698fa78c7ffeecff933227553 2.33GB / 3.11GB 2583.8s
#5 sha256:11b594ba139d13d291d0227243fe068a0e57eed698fa78c7ffeecff933227553 2.35GB / 3.11GB 2588.9s
#5 sha256:11b594ba139d13d291d0227243fe068a0e57eed698fa78c7ffeecff933227553 2.36GB / 3.11GB 2593.9s
#5 sha256:11b594ba139d13d291d0227243fe068a0e57eed698fa78c7ffeecff933227553 2.37GB / 3.11GB 2599.0s
#5 sha256:11b594ba139d13d291d0227243fe068a0e57eed698fa78c7ffeecff933227553 2.38GB / 3.11GB 2604.1s
#5 sha256:11b594ba139d13d291d0227243fe068a0e57eed698fa78c7ffeecff933227553 2.39GB / 3.11GB 2609.2s
#5 sha256:11b594ba139d13d291d0227243fe068a0e57eed698fa78c7ffeecff933227553 2.41GB / 3.11GB 2614.2s
#5 sha256:11b594ba139d13d291d0227243fe068a0e57eed698fa78c7ffeecff933227553 2.42GB / 3.11GB 2619.3s
#5 sha256:11b594ba139d13d291d0227243fe068a0e57eed698fa78c7ffeecff933227553 2.43GB / 3.11GB 2624.4s
#5 sha256:11b594ba139d13d291d0227243fe068a0e57eed698fa78c7ffeecff933227553 2.44GB / 3.11GB 2629.4s
#5 sha256:11b594ba139d13d291d0227243fe068a0e57eed698fa78c7ffeecff933227553 2.45GB / 3.11GB 2634.5s
#5 sha256:11b594ba139d13d291d0227243fe068a0e57eed698fa78c7ffeecff933227553 2.47GB / 3.11GB 2639.5s
#5 sha256:11b594ba139d13d291d0227243fe068a0e57eed698fa78c7ffeecff933227553 2.48GB / 3.11GB 2644.7s
#5 sha256:11b594ba139d13d291d0227243fe068a0e57eed698fa78c7ffeecff933227553 2.49GB / 3.11GB 2649.8s
#5 sha256:11b594ba139d13d291d0227243fe068a0e57eed698fa78c7ffeecff933227553 2.50GB / 3.11GB 2654.9s
#5 sha256:11b594ba139d13d291d0227243fe068a0e57eed698fa78c7ffeecff933227553 2.51GB / 3.11GB 2659.9s
#5 sha256:11b594ba139d13d291d0227243fe068a0e57eed698fa78c7ffeecff933227553 2.52GB / 3.11GB 2665.0s
#5 sha256:11b594ba139d13d291d0227243fe068a0e57eed698fa78c7ffeecff933227553 2.54GB / 3.11GB 2670.0s
#5 sha256:11b594ba139d13d291d0227243fe068a0e57eed698fa78c7ffeecff933227553 2.55GB / 3.11GB 2675.1s
#5 sha256:11b594ba139d13d291d0227243fe068a0e57eed698fa78c7ffeecff933227553 2.56GB / 3.11GB 2680.3s
#5 sha256:11b594ba139d13d291d0227243fe068a0e57eed698fa78c7ffeecff933227553 2.57GB / 3.11GB 2685.5s
#5 sha256:11b594ba139d13d291d0227243fe068a0e57eed698fa78c7ffeecff933227553 2.59GB / 3.11GB 2690.6s
#5 sha256:11b594ba139d13d291d0227243fe068a0e57eed698fa78c7ffeecff933227553 2.60GB / 3.11GB 2695.6s
#5 sha256:11b594ba139d13d291d0227243fe068a0e57eed698fa78c7ffeecff933227553 2.61GB / 3.11GB 2700.7s
#5 sha256:11b594ba139d13d291d0227243fe068a0e57eed698fa78c7ffeecff933227553 2.62GB / 3.11GB 2705.7s
#5 sha256:11b594ba139d13d291d0227243fe068a0e57eed698fa78c7ffeecff933227553 2.63GB / 3.11GB 2710.8s
#5 sha256:11b594ba139d13d291d0227243fe068a0e57eed698fa78c7ffeecff933227553 2.65GB / 3.11GB 2715.9s
#5 sha256:11b594ba139d13d291d0227243fe068a0e57eed698fa78c7ffeecff933227553 2.66GB / 3.11GB 2721.0s
#5 sha256:11b594ba139d13d291d0227243fe068a0e57eed698fa78c7ffeecff933227553 2.67GB / 3.11GB 2726.0s
#5 sha256:11b594ba139d13d291d0227243fe068a0e57eed698fa78c7ffeecff933227553 2.68GB / 3.11GB 2731.1s
#5 sha256:11b594ba139d13d291d0227243fe068a0e57eed698fa78c7ffeecff933227553 2.69GB / 3.11GB 2736.1s
#5 sha256:11b594ba139d13d291d0227243fe068a0e57eed698fa78c7ffeecff933227553 2.70GB / 3.11GB 2741.2s
#5 sha256:11b594ba139d13d291d0227243fe068a0e57eed698fa78c7ffeecff933227553 2.72GB / 3.11GB 2746.3s
#5 sha256:11b594ba139d13d291d0227243fe068a0e57eed698fa78c7ffeecff933227553 2.73GB / 3.11GB 2751.4s
#5 sha256:11b594ba139d13d291d0227243fe068a0e57eed698fa78c7ffeecff933227553 2.74GB / 3.11GB 2756.4s
#5 sha256:11b594ba139d13d291d0227243fe068a0e57eed698fa78c7ffeecff933227553 2.75GB / 3.11GB 2761.4s
#5 sha256:11b594ba139d13d291d0227243fe068a0e57eed698fa78c7ffeecff933227553 2.76GB / 3.11GB 2766.5s
#5 sha256:11b594ba139d13d291d0227243fe068a0e57eed698fa78c7ffeecff933227553 2.78GB / 3.11GB 2771.6s
#5 sha256:11b594ba139d13d291d0227243fe068a0e57eed698fa78c7ffeecff933227553 2.79GB / 3.11GB 2776.7s
#5 sha256:11b594ba139d13d291d0227243fe068a0e57eed698fa78c7ffeecff933227553 2.80GB / 3.11GB 2781.8s
#5 sha256:11b594ba139d13d291d0227243fe068a0e57eed698fa78c7ffeecff933227553 2.81GB / 3.11GB 2786.9s
#5 sha256:11b594ba139d13d291d0227243fe068a0e57eed698fa78c7ffeecff933227553 2.82GB / 3.11GB 2791.9s
#5 sha256:11b594ba139d13d291d0227243fe068a0e57eed698fa78c7ffeecff933227553 2.84GB / 3.11GB 2796.9s
#5 sha256:11b594ba139d13d291d0227243fe068a0e57eed698fa78c7ffeecff933227553 2.85GB / 3.11GB 2802.0s
#5 sha256:11b594ba139d13d291d0227243fe068a0e57eed698fa78c7ffeecff933227553 2.86GB / 3.11GB 2807.0s
#5 sha256:11b594ba139d13d291d0227243fe068a0e57eed698fa78c7ffeecff933227553 2.87GB / 3.11GB 2812.1s
#5 sha256:11b594ba139d13d291d0227243fe068a0e57eed698fa78c7ffeecff933227553 2.88GB / 3.11GB 2817.2s
#5 sha256:11b594ba139d13d291d0227243fe068a0e57eed698fa78c7ffeecff933227553 2.90GB / 3.11GB 2822.2s
#5 sha256:11b594ba139d13d291d0227243fe068a0e57eed698fa78c7ffeecff933227553 2.91GB / 3.11GB 2827.3s
#5 sha256:11b594ba139d13d291d0227243fe068a0e57eed698fa78c7ffeecff933227553 2.92GB / 3.11GB 2832.3s
#5 sha256:11b594ba139d13d291d0227243fe068a0e57eed698fa78c7ffeecff933227553 2.93GB / 3.11GB 2837.4s
#5 sha256:11b594ba139d13d291d0227243fe068a0e57eed698fa78c7ffeecff933227553 2.94GB / 3.11GB 2842.6s
#5 sha256:11b594ba139d13d291d0227243fe068a0e57eed698fa78c7ffeecff933227553 2.96GB / 3.11GB 2847.6s
#5 sha256:11b594ba139d13d291d0227243fe068a0e57eed698fa78c7ffeecff933227553 2.97GB / 3.11GB 2852.7s
#5 sha256:11b594ba139d13d291d0227243fe068a0e57eed698fa78c7ffeecff933227553 2.98GB / 3.11GB 2857.8s
#5 sha256:11b594ba139d13d291d0227243fe068a0e57eed698fa78c7ffeecff933227553 2.99GB / 3.11GB 2862.9s
#5 sha256:11b594ba139d13d291d0227243fe068a0e57eed698fa78c7ffeecff933227553 3.00GB / 3.11GB 2868.0s
#5 sha256:11b594ba139d13d291d0227243fe068a0e57eed698fa78c7ffeecff933227553 3.02GB / 3.11GB 2873.0s
#5 sha256:11b594ba139d13d291d0227243fe068a0e57eed698fa78c7ffeecff933227553 3.03GB / 3.11GB 2878.1s
#5 sha256:11b594ba139d13d291d0227243fe068a0e57eed698fa78c7ffeecff933227553 3.04GB / 3.11GB 2883.2s
#5 sha256:11b594ba139d13d291d0227243fe068a0e57eed698fa78c7ffeecff933227553 3.05GB / 3.11GB 2888.2s
#5 sha256:11b594ba139d13d291d0227243fe068a0e57eed698fa78c7ffeecff933227553 3.06GB / 3.11GB 2893.4s
#5 sha256:11b594ba139d13d291d0227243fe068a0e57eed698fa78c7ffeecff933227553 3.08GB / 3.11GB 2898.5s
#5 sha256:11b594ba139d13d291d0227243fe068a0e57eed698fa78c7ffeecff933227553 3.09GB / 3.11GB 2903.5s
#5 sha256:11b594ba139d13d291d0227243fe068a0e57eed698fa78c7ffeecff933227553 3.10GB / 3.11GB 2908.7s
#5 sha256:11b594ba139d13d291d0227243fe068a0e57eed698fa78c7ffeecff933227553 3.11GB / 3.11GB 2912.9s done
#5 extracting sha256:11b594ba139d13d291d0227243fe068a0e57eed698fa78c7ffeecff933227553 0.1s
#5 extracting sha256:11b594ba139d13d291d0227243fe068a0e57eed698fa78c7ffeecff933227553 5.2s
#5 extracting sha256:11b594ba139d13d291d0227243fe068a0e57eed698fa78c7ffeecff933227553 10.3s
#5 extracting sha256:11b594ba139d13d291d0227243fe068a0e57eed698fa78c7ffeecff933227553 15.3s
#5 extracting sha256:11b594ba139d13d291d0227243fe068a0e57eed698fa78c7ffeecff933227553 20.4s
#5 extracting sha256:11b594ba139d13d291d0227243fe068a0e57eed698fa78c7ffeecff933227553 25.5s
#5 extracting sha256:11b594ba139d13d291d0227243fe068a0e57eed698fa78c7ffeecff933227553 30.6s
#5 extracting sha256:11b594ba139d13d291d0227243fe068a0e57eed698fa78c7ffeecff933227553 35.9s
#5 extracting sha256:11b594ba139d13d291d0227243fe068a0e57eed698fa78c7ffeecff933227553 37.9s done
#5 extracting sha256:4f4fb700ef54461cfa02571ae0db9a0dc1e0cdb5577484a6d75e68dc38e8acc1
#5 extracting sha256:4f4fb700ef54461cfa02571ae0db9a0dc1e0cdb5577484a6d75e68dc38e8acc1 done
#5 extracting sha256:21f821181543606bb2d93e7dcce09966436d749b63b392fa8e06aacca4fdd3e7 done
#5 DONE 2951.4s

#6 [ 2/10] WORKDIR /workspace
#6 DONE 0.0s

#7 [ 3/10] RUN apt-get update && apt-get install -y --no-install-recommends         git         build-essential         wget     && rm -rf /var/lib/apt/lists/*
#7 0.664 Get:1 http://security.ubuntu.com/ubuntu focal-security InRelease [128 kB]
#7 0.785 Get:2 http://archive.ubuntu.com/ubuntu focal InRelease [265 kB]
#7 1.185 Get:3 https://developer.download.nvidia.com/compute/cuda/repos/ubuntu2004/x86_64  InRelease [1581 B]
#7 1.836 Get:4 http://archive.ubuntu.com/ubuntu focal-updates InRelease [128 kB]
#7 1.878 Get:5 http://security.ubuntu.com/ubuntu focal-security/main amd64 Packages [4368 kB]
#7 2.092 Get:6 http://archive.ubuntu.com/ubuntu focal-backports InRelease [128 kB]
#7 2.120 Get:7 https://developer.download.nvidia.com/compute/cuda/repos/ubuntu2004/x86_64  Packages [2828 kB]
#7 2.453 Get:8 http://archive.ubuntu.com/ubuntu focal/universe amd64 Packages [11.3 MB]
#7 6.285 Get:9 http://security.ubuntu.com/ubuntu focal-security/multiverse amd64 Packages [32.5 kB]
#7 6.303 Get:10 http://security.ubuntu.com/ubuntu focal-security/restricted amd64 Packages [4710 kB]
#7 9.756 Get:11 http://security.ubuntu.com/ubuntu focal-security/universe amd64 Packages [1300 kB]
#7 12.23 Get:12 http://archive.ubuntu.com/ubuntu focal/multiverse amd64 Packages [177 kB]
#7 12.31 Get:13 http://archive.ubuntu.com/ubuntu focal/restricted amd64 Packages [33.4 kB]
#7 12.32 Get:14 http://archive.ubuntu.com/ubuntu focal/main amd64 Packages [1275 kB]
#7 12.86 Get:15 http://archive.ubuntu.com/ubuntu focal-updates/multiverse amd64 Packages [36.2 kB]
#7 12.88 Get:16 http://archive.ubuntu.com/ubuntu focal-updates/main amd64 Packages [4850 kB]
#7 14.93 Get:17 http://archive.ubuntu.com/ubuntu focal-updates/universe amd64 Packages [1588 kB]
#7 15.60 Get:18 http://archive.ubuntu.com/ubuntu focal-updates/restricted amd64 Packages [4904 kB]
#7 17.68 Get:19 http://archive.ubuntu.com/ubuntu focal-backports/main amd64 Packages [54.7 kB]
#7 17.70 Get:20 http://archive.ubuntu.com/ubuntu focal-backports/universe amd64 Packages [28.4 kB]
#7 17.91 Fetched 38.2 MB in 18s (2148 kB/s)
#7 17.91 Reading package lists...
#7 18.95 Reading package lists...
#7 19.96 Building dependency tree...
#7 20.16 Reading state information...
#7 20.30 build-essential is already the newest version (12.8ubuntu1.1).
#7 20.30 build-essential set to manually installed.
#7 20.30 The following additional packages will be installed:
#7 20.30   git-man libbrotli1 libcurl3-gnutls liberror-perl libexpat1 libgssapi-krb5-2
#7 20.30   libk5crypto3 libkeyutils1 libkrb5-3 libkrb5support0 libnghttp2-14 libpsl5
#7 20.30   librtmp1 libssh-4
#7 20.30 Suggested packages:
#7 20.30   gettext-base git-daemon-run | git-daemon-sysvinit git-doc git-el git-email
#7 20.30   git-gui gitk gitweb git-cvs git-mediawiki git-svn krb5-doc krb5-user
#7 20.30 Recommended packages:
#7 20.30   less ssh-client krb5-locales publicsuffix
#7 20.35 The following NEW packages will be installed:
#7 20.35   git git-man libbrotli1 libcurl3-gnutls liberror-perl libexpat1
#7 20.35   libgssapi-krb5-2 libk5crypto3 libkeyutils1 libkrb5-3 libkrb5support0
#7 20.35   libnghttp2-14 libpsl5 librtmp1 libssh-4 wget
#7 20.75 0 upgraded, 16 newly installed, 0 to remove and 119 not upgraded.
#7 20.75 Need to get 7380 kB of archives.
#7 20.75 After this operation, 44.8 MB of additional disk space will be used.
#7 20.75 Get:1 http://archive.ubuntu.com/ubuntu focal-updates/main amd64 libexpat1 amd64 2.2.9-1ubuntu0.8 [75.6 kB]
#7 21.43 Get:2 http://archive.ubuntu.com/ubuntu focal-updates/main amd64 libkrb5support0 amd64 1.17-6ubuntu4.11 [31.5 kB]
#7 21.48 Get:3 http://archive.ubuntu.com/ubuntu focal-updates/main amd64 libk5crypto3 amd64 1.17-6ubuntu4.11 [80.3 kB]
#7 21.65 Get:4 http://archive.ubuntu.com/ubuntu focal-updates/main amd64 libkeyutils1 amd64 1.6-6ubuntu1.1 [10.3 kB]
#7 21.67 Get:5 http://archive.ubuntu.com/ubuntu focal-updates/main amd64 libkrb5-3 amd64 1.17-6ubuntu4.11 [330 kB]
#7 22.14 Get:6 http://archive.ubuntu.com/ubuntu focal-updates/main amd64 libgssapi-krb5-2 amd64 1.17-6ubuntu4.11 [121 kB]
#7 22.14 Get:7 http://archive.ubuntu.com/ubuntu focal/main amd64 libpsl5 amd64 0.21.0-1ubuntu1 [51.5 kB]
#7 22.14 Get:8 http://archive.ubuntu.com/ubuntu focal-updates/main amd64 wget amd64 1.20.3-1ubuntu2.1 [349 kB]
#7 22.23 Get:9 http://archive.ubuntu.com/ubuntu focal-updates/main amd64 libbrotli1 amd64 1.0.7-6ubuntu0.1 [267 kB]
#7 22.34 Get:10 http://archive.ubuntu.com/ubuntu focal-updates/main amd64 libnghttp2-14 amd64 1.40.0-1ubuntu0.3 [79.9 kB]
#7 22.37 Get:11 http://archive.ubuntu.com/ubuntu focal/main amd64 librtmp1 amd64 2.4+20151223.gitfa8646d.1-2build1 [54.9 kB]
#7 22.39 Get:12 http://archive.ubuntu.com/ubuntu focal-updates/main amd64 libssh-4 amd64 0.9.3-2ubuntu2.5 [171 kB]
#7 22.46 Get:13 http://archive.ubuntu.com/ubuntu focal-updates/main amd64 libcurl3-gnutls amd64 7.68.0-1ubuntu2.25 [233 kB]
#7 22.86 Get:14 http://archive.ubuntu.com/ubuntu focal/main amd64 liberror-perl all 0.17029-1 [26.5 kB]
#7 22.87 Get:15 http://archive.ubuntu.com/ubuntu focal-updates/main amd64 git-man all 1:2.25.1-1ubuntu3.14 [887 kB]
#7 23.06 Get:16 http://archive.ubuntu.com/ubuntu focal-updates/main amd64 git amd64 1:2.25.1-1ubuntu3.14 [4613 kB]
#7 25.11 debconf: delaying package configuration, since apt-utils is not installed
#7 25.12 Fetched 7380 kB in 5s (1583 kB/s)
#7 25.13 Selecting previously unselected package libexpat1:amd64.
#7 25.13 (Reading database ... (Reading database ... 5%(Reading database ... 10%(Reading database ... 15%(Reading database ... 20%(Reading database ... 25%(Reading database ... 30%(Reading database ... 35%(Reading database ... 40%(Reading database ... 45%(Reading database ... 50%(Reading database ... 55%(Reading database ... 60%(Reading database ... 65%(Reading database ... 70%(Reading database ... 75%(Reading database ... 80%(Reading database ... 85%(Reading database ... 90%(Reading database ... 95%(Reading database ... 100%(Reading database ... 12968 files and directories currently installed.)
#7 25.14 Preparing to unpack .../00-libexpat1_2.2.9-1ubuntu0.8_amd64.deb ...
#7 25.14 Unpacking libexpat1:amd64 (2.2.9-1ubuntu0.8) ...
#7 25.15 Selecting previously unselected package libkrb5support0:amd64.
#7 25.15 Preparing to unpack .../01-libkrb5support0_1.17-6ubuntu4.11_amd64.deb ...
#7 25.15 Unpacking libkrb5support0:amd64 (1.17-6ubuntu4.11) ...
#7 25.16 Selecting previously unselected package libk5crypto3:amd64.
#7 25.16 Preparing to unpack .../02-libk5crypto3_1.17-6ubuntu4.11_amd64.deb ...
#7 25.16 Unpacking libk5crypto3:amd64 (1.17-6ubuntu4.11) ...
#7 25.18 Selecting previously unselected package libkeyutils1:amd64.
#7 25.18 Preparing to unpack .../03-libkeyutils1_1.6-6ubuntu1.1_amd64.deb ...
#7 25.18 Unpacking libkeyutils1:amd64 (1.6-6ubuntu1.1) ...
#7 25.18 Selecting previously unselected package libkrb5-3:amd64.
#7 25.19 Preparing to unpack .../04-libkrb5-3_1.17-6ubuntu4.11_amd64.deb ...
#7 25.19 Unpacking libkrb5-3:amd64 (1.17-6ubuntu4.11) ...
#7 25.22 Selecting previously unselected package libgssapi-krb5-2:amd64.
#7 25.22 Preparing to unpack .../05-libgssapi-krb5-2_1.17-6ubuntu4.11_amd64.deb ...
#7 25.22 Unpacking libgssapi-krb5-2:amd64 (1.17-6ubuntu4.11) ...
#7 25.23 Selecting previously unselected package libpsl5:amd64.
#7 25.23 Preparing to unpack .../06-libpsl5_0.21.0-1ubuntu1_amd64.deb ...
#7 25.23 Unpacking libpsl5:amd64 (0.21.0-1ubuntu1) ...
#7 25.24 Selecting previously unselected package wget.
#7 25.24 Preparing to unpack .../07-wget_1.20.3-1ubuntu2.1_amd64.deb ...
#7 25.24 Unpacking wget (1.20.3-1ubuntu2.1) ...
#7 25.27 Selecting previously unselected package libbrotli1:amd64.
#7 25.27 Preparing to unpack .../08-libbrotli1_1.0.7-6ubuntu0.1_amd64.deb ...
#7 25.27 Unpacking libbrotli1:amd64 (1.0.7-6ubuntu0.1) ...
#7 25.29 Selecting previously unselected package libnghttp2-14:amd64.
#7 25.30 Preparing to unpack .../09-libnghttp2-14_1.40.0-1ubuntu0.3_amd64.deb ...
#7 25.30 Unpacking libnghttp2-14:amd64 (1.40.0-1ubuntu0.3) ...
#7 25.31 Selecting previously unselected package librtmp1:amd64.
#7 25.31 Preparing to unpack .../10-librtmp1_2.4+20151223.gitfa8646d.1-2build1_amd64.deb ...
#7 25.31 Unpacking librtmp1:amd64 (2.4+20151223.gitfa8646d.1-2build1) ...
#7 25.32 Selecting previously unselected package libssh-4:amd64.
#7 25.32 Preparing to unpack .../11-libssh-4_0.9.3-2ubuntu2.5_amd64.deb ...
#7 25.32 Unpacking libssh-4:amd64 (0.9.3-2ubuntu2.5) ...
#7 25.34 Selecting previously unselected package libcurl3-gnutls:amd64.
#7 25.34 Preparing to unpack .../12-libcurl3-gnutls_7.68.0-1ubuntu2.25_amd64.deb ...
#7 25.34 Unpacking libcurl3-gnutls:amd64 (7.68.0-1ubuntu2.25) ...
#7 25.36 Selecting previously unselected package liberror-perl.
#7 25.36 Preparing to unpack .../13-liberror-perl_0.17029-1_all.deb ...
#7 25.36 Unpacking liberror-perl (0.17029-1) ...
#7 25.37 Selecting previously unselected package git-man.
#7 25.37 Preparing to unpack .../14-git-man_1%3a2.25.1-1ubuntu3.14_all.deb ...
#7 25.37 Unpacking git-man (1:2.25.1-1ubuntu3.14) ...
#7 25.43 Selecting previously unselected package git.
#7 25.44 Preparing to unpack .../15-git_1%3a2.25.1-1ubuntu3.14_amd64.deb ...
#7 25.45 Unpacking git (1:2.25.1-1ubuntu3.14) ...
#7 25.81 Setting up libexpat1:amd64 (2.2.9-1ubuntu0.8) ...
#7 25.81 Setting up libkeyutils1:amd64 (1.6-6ubuntu1.1) ...
#7 25.81 Setting up libpsl5:amd64 (0.21.0-1ubuntu1) ...
#7 25.81 Setting up wget (1.20.3-1ubuntu2.1) ...
#7 25.81 Setting up libbrotli1:amd64 (1.0.7-6ubuntu0.1) ...
#7 25.81 Setting up libnghttp2-14:amd64 (1.40.0-1ubuntu0.3) ...
#7 25.81 Setting up libkrb5support0:amd64 (1.17-6ubuntu4.11) ...
#7 25.81 Setting up liberror-perl (0.17029-1) ...
#7 25.81 Setting up librtmp1:amd64 (2.4+20151223.gitfa8646d.1-2build1) ...
#7 25.81 Setting up libk5crypto3:amd64 (1.17-6ubuntu4.11) ...
#7 25.81 Setting up git-man (1:2.25.1-1ubuntu3.14) ...
#7 25.81 Setting up libkrb5-3:amd64 (1.17-6ubuntu4.11) ...
#7 25.81 Setting up libgssapi-krb5-2:amd64 (1.17-6ubuntu4.11) ...
#7 25.81 Setting up libssh-4:amd64 (0.9.3-2ubuntu2.5) ...
#7 25.81 Setting up libcurl3-gnutls:amd64 (7.68.0-1ubuntu2.25) ...
#7 25.81 Setting up git (1:2.25.1-1ubuntu3.14) ...
#7 25.82 Processing triggers for libc-bin (2.31-0ubuntu9.9) ...
#7 DONE 25.9s

#8 [ 4/10] COPY requirements.txt /tmp/requirements.txt
#8 DONE 0.0s

#9 [ 5/10] RUN pip install --no-cache-dir -r /tmp/requirements.txt
#9 1.160 Collecting numpy==1.26.4
#9 1.198   Downloading numpy-1.26.4-cp310-cp310-manylinux_2_17_x86_64.manylinux2014_x86_64.whl (18.2 MB)
#9 8.929      ━━━━━━━━━━━━━━━━━━━━━━━━━━━━━━━━━━━━━━━━ 18.2/18.2 MB 2.4 MB/s eta 0:00:00
#9 9.407 Collecting scipy==1.13.1
#9 9.411   Downloading scipy-1.13.1-cp310-cp310-manylinux_2_17_x86_64.manylinux2014_x86_64.whl (38.6 MB)
#9 25.76      ━━━━━━━━━━━━━━━━━━━━━━━━━━━━━━━━━━━━━━━━ 38.6/38.6 MB 2.4 MB/s eta 0:00:00
#9 26.21 Collecting pandas==2.3.3
#9 26.21   Downloading pandas-2.3.3-cp310-cp310-manylinux_2_24_x86_64.manylinux_2_28_x86_64.whl (12.8 MB)
#9 31.62      ━━━━━━━━━━━━━━━━━━━━━━━━━━━━━━━━━━━━━━━━ 12.8/12.8 MB 2.4 MB/s eta 0:00:00
#9 31.77 Collecting h5py==3.14.0
#9 31.77   Downloading h5py-3.14.0-cp310-cp310-manylinux_2_17_x86_64.manylinux2014_x86_64.whl (4.6 MB)
#9 33.70      ━━━━━━━━━━━━━━━━━━━━━━━━━━━━━━━━━━━━━━━━ 4.6/4.6 MB 2.4 MB/s eta 0:00:00
#9 34.17 Collecting numba==0.60.0
#9 34.18   Downloading numba-0.60.0-cp310-cp310-manylinux2014_x86_64.manylinux_2_17_x86_64.whl (3.7 MB)
#9 35.74      ━━━━━━━━━━━━━━━━━━━━━━━━━━━━━━━━━━━━━━━━ 3.7/3.7 MB 2.4 MB/s eta 0:00:00
#9 35.93 Collecting llvmlite==0.43.0
#9 35.93   Downloading llvmlite-0.43.0-cp310-cp310-manylinux_2_17_x86_64.manylinux2014_x86_64.whl (43.9 MB)
#9 54.53      ━━━━━━━━━━━━━━━━━━━━━━━━━━━━━━━━━━━━━━━━ 43.9/43.9 MB 2.4 MB/s eta 0:00:00
#9 54.68 Collecting anndata==0.9.2
#9 54.68   Downloading anndata-0.9.2-py3-none-any.whl (104 kB)
#9 54.72      ━━━━━━━━━━━━━━━━━━━━━━━━━━━━━━━━━━━━━━━ 104.2/104.2 kB 2.2 MB/s eta 0:00:00
#9 54.76 Collecting scanpy==1.10.3
#9 54.77   Downloading scanpy-1.10.3-py3-none-any.whl (2.1 MB)
#9 55.65      ━━━━━━━━━━━━━━━━━━━━━━━━━━━━━━━━━━━━━━━━ 2.1/2.1 MB 2.4 MB/s eta 0:00:00
#9 55.85 Collecting scgpt==0.2.4
#9 55.85   Downloading scgpt-0.2.4-py3-none-any.whl (831 kB)
#9 56.21      ━━━━━━━━━━━━━━━━━━━━━━━━━━━━━━━━━━━━━━━ 831.7/831.7 kB 2.4 MB/s eta 0:00:00
#9 56.40 Collecting mudata==0.2.3
#9 56.41   Downloading mudata-0.2.3-py3-none-any.whl (24 kB)
#9 56.42 Collecting legacy-api-wrap==1.5
#9 56.43   Downloading legacy_api_wrap-1.5-py3-none-any.whl (10 kB)
#9 56.46 Collecting natsort==8.4.0
#9 56.46   Downloading natsort-8.4.0-py3-none-any.whl (38 kB)
#9 56.67 Collecting docrep==0.3.2
#9 56.67   Downloading docrep-0.3.2.tar.gz (33 kB)
#9 56.68   Preparing metadata (setup.py): started
#9 56.90   Preparing metadata (setup.py): finished with status 'done'
#9 57.04 Collecting igraph==1.0.0
#9 57.04   Downloading igraph-1.0.0-cp39-abi3-manylinux_2_28_x86_64.whl (5.7 MB)
#9 59.45      ━━━━━━━━━━━━━━━━━━━━━━━━━━━━━━━━━━━━━━━━ 5.7/5.7 MB 2.4 MB/s eta 0:00:00
#9 59.55 Collecting python-igraph==1.0.0
#9 59.56   Downloading python_igraph-1.0.0-py3-none-any.whl (9.2 kB)
#9 59.63 Collecting leidenalg==0.12.0
#9 59.63   Downloading leidenalg-0.12.0-cp38-abi3-manylinux_2_27_x86_64.manylinux_2_28_x86_64.whl (2.7 MB)
#9 60.79      ━━━━━━━━━━━━━━━━━━━━━━━━━━━━━━━━━━━━━━━━ 2.7/2.7 MB 2.4 MB/s eta 0:00:00
#9 60.81 Collecting pynndescent==0.6.0
#9 60.81   Downloading pynndescent-0.6.0-py3-none-any.whl (73 kB)
#9 60.84      ━━━━━━━━━━━━━━━━━━━━━━━━━━━━━━━━━━━━━━━━ 73.5/73.5 kB 2.2 MB/s eta 0:00:00
#9 60.86 Collecting umap-learn==0.5.12
#9 60.86   Downloading umap_learn-0.5.12-py3-none-any.whl (91 kB)
#9 60.90      ━━━━━━━━━━━━━━━━━━━━━━━━━━━━━━━━━━━━━━━━ 91.8/91.8 kB 2.3 MB/s eta 0:00:00
#9 61.13 Collecting scvi-tools==0.20.3
#9 61.13   Downloading scvi_tools-0.20.3-py3-none-any.whl (330 kB)
#9 61.27      ━━━━━━━━━━━━━━━━━━━━━━━━━━━━━━━━━━━━━━━ 330.3/330.3 kB 2.3 MB/s eta 0:00:00
#9 61.46 Collecting scib==1.1.7
#9 61.47   Downloading scib-1.1.7-1-py3-none-any.whl (84 kB)
#9 61.50      ━━━━━━━━━━━━━━━━━━━━━━━━━━━━━━━━━━━━━━━━ 84.6/84.6 kB 2.6 MB/s eta 0:00:00
#9 61.51 Collecting pyro-ppl==1.9.1
#9 61.52   Downloading pyro_ppl-1.9.1-py3-none-any.whl (755 kB)
#9 61.83      ━━━━━━━━━━━━━━━━━━━━━━━━━━━━━━━━━━━━━━━ 756.0/756.0 kB 2.4 MB/s eta 0:00:00
#9 61.85 Collecting pyro-api==0.1.2
#9 61.85   Downloading pyro_api-0.1.2-py3-none-any.whl (11 kB)
#9 62.05 Collecting dcor==0.6
#9 62.05   Downloading dcor-0.6-py3-none-any.whl (55 kB)
#9 62.08      ━━━━━━━━━━━━━━━━━━━━━━━━━━━━━━━━━━━━━━━━ 55.5/55.5 kB 2.1 MB/s eta 0:00:00
#9 62.12 Collecting jax==0.4.30
#9 62.12   Downloading jax-0.4.30-py3-none-any.whl (2.0 MB)
#9 62.97      ━━━━━━━━━━━━━━━━━━━━━━━━━━━━━━━━━━━━━━━━ 2.0/2.0 MB 2.4 MB/s eta 0:00:00
#9 63.11 Collecting jaxlib==0.4.30
#9 63.11   Downloading jaxlib-0.4.30-cp310-cp310-manylinux2014_x86_64.whl (79.6 MB)
#9 96.88      ━━━━━━━━━━━━━━━━━━━━━━━━━━━━━━━━━━━━━━━━ 79.6/79.6 MB 2.4 MB/s eta 0:00:00
#9 97.09 Collecting flax==0.8.5
#9 97.10   Downloading flax-0.8.5-py3-none-any.whl (731 kB)
#9 97.41      ━━━━━━━━━━━━━━━━━━━━━━━━━━━━━━━━━━━━━━━ 731.3/731.3 kB 2.4 MB/s eta 0:00:00
#9 97.43 Collecting optax==0.2.4
#9 97.43   Downloading optax-0.2.4-py3-none-any.whl (319 kB)
#9 97.56      ━━━━━━━━━━━━━━━━━━━━━━━━━━━━━━━━━━━━━━━ 319.2/319.2 kB 2.4 MB/s eta 0:00:00
#9 97.58 Collecting chex==0.1.90
#9 97.59   Downloading chex-0.1.90-py3-none-any.whl (101 kB)
#9 97.62      ━━━━━━━━━━━━━━━━━━━━━━━━━━━━━━━━━━━━━━━ 101.0/101.0 kB 2.5 MB/s eta 0:00:00
#9 97.82 Collecting orbax==0.1.7
#9 97.83   Downloading orbax-0.1.7-py3-none-any.whl (77 kB)
#9 97.86      ━━━━━━━━━━━━━━━━━━━━━━━━━━━━━━━━━━━━━━━━ 77.5/77.5 kB 2.3 MB/s eta 0:00:00
#9 98.09 Collecting orbax-checkpoint==0.6.4
#9 98.09   Downloading orbax_checkpoint-0.6.4-py3-none-any.whl (270 kB)
#9 98.20      ━━━━━━━━━━━━━━━━━━━━━━━━━━━━━━━━━━━━━━━ 270.5/270.5 kB 2.4 MB/s eta 0:00:00
#9 98.22 Collecting numpyro==0.19.0
#9 98.23   Downloading numpyro-0.19.0-py3-none-any.whl (370 kB)
#9 98.38      ━━━━━━━━━━━━━━━━━━━━━━━━━━━━━━━━━━━━━━━ 370.9/370.9 kB 2.4 MB/s eta 0:00:00
#9 98.39 Collecting ml_collections==0.1.1
#9 98.39   Downloading ml_collections-0.1.1.tar.gz (77 kB)
#9 98.42      ━━━━━━━━━━━━━━━━━━━━━━━━━━━━━━━━━━━━━━━━ 77.9/77.9 kB 2.5 MB/s eta 0:00:00
#9 98.44   Preparing metadata (setup.py): started
#9 98.66   Preparing metadata (setup.py): finished with status 'done'
#9 98.72 Collecting ml_dtypes==0.5.4
#9 98.72   Downloading ml_dtypes-0.5.4-cp310-cp310-manylinux_2_27_x86_64.manylinux_2_28_x86_64.whl (5.0 MB)
#9 100.9      ━━━━━━━━━━━━━━━━━━━━━━━━━━━━━━━━━━━━━━━━ 5.0/5.0 MB 2.4 MB/s eta 0:00:00
#9 100.9 Collecting opt_einsum==3.4.0
#9 100.9   Downloading opt_einsum-3.4.0-py3-none-any.whl (71 kB)
#9 100.9      ━━━━━━━━━━━━━━━━━━━━━━━━━━━━━━━━━━━━━━━━ 71.9/71.9 kB 2.2 MB/s eta 0:00:00
#9 100.9 Collecting etils==1.5.2
#9 100.9   Downloading etils-1.5.2-py3-none-any.whl (140 kB)
#9 101.0      ━━━━━━━━━━━━━━━━━━━━━━━━━━━━━━━━━━━━━━━ 140.6/140.6 kB 2.2 MB/s eta 0:00:00
#9 101.4 Collecting tensorstore==0.1.69
#9 101.4   Downloading tensorstore-0.1.69-cp310-cp310-manylinux_2_17_x86_64.manylinux2014_x86_64.whl (17.5 MB)
#9 108.8      ━━━━━━━━━━━━━━━━━━━━━━━━━━━━━━━━━━━━━━━━ 17.5/17.5 MB 2.4 MB/s eta 0:00:00
#9 109.1 Collecting msgpack==1.1.2
#9 109.1   Downloading msgpack-1.1.2-cp310-cp310-manylinux2014_x86_64.manylinux_2_17_x86_64.manylinux_2_28_x86_64.whl (406 kB)
#9 109.2      ━━━━━━━━━━━━━━━━━━━━━━━━━━━━━━━━━━━━━━━ 406.1/406.1 kB 2.4 MB/s eta 0:00:00
#9 109.3 Collecting pytorch-lightning==1.9.5
#9 109.3   Downloading pytorch_lightning-1.9.5-py3-none-any.whl (829 kB)
#9 109.7      ━━━━━━━━━━━━━━━━━━━━━━━━━━━━━━━━━━━━━━━ 829.5/829.5 kB 2.3 MB/s eta 0:00:00
#9 109.7 Collecting torchmetrics==1.8.2
#9 109.7   Downloading torchmetrics-1.8.2-py3-none-any.whl (983 kB)
#9 110.1      ━━━━━━━━━━━━━━━━━━━━━━━━━━━━━━━━━━━━━━━ 983.2/983.2 kB 2.4 MB/s eta 0:00:00
#9 110.1 Requirement already satisfied: torchdata==0.6.1 in /opt/conda/lib/python3.10/site-packages (from -r /tmp/requirements.txt (line 78)) (0.6.1)
#9 110.2 Collecting lightning-utilities==0.15.2
#9 110.2   Downloading lightning_utilities-0.15.2-py3-none-any.whl (29 kB)
#9 110.2 Collecting einops==0.8.2
#9 110.2   Downloading einops-0.8.2-py3-none-any.whl (65 kB)
#9 110.2      ━━━━━━━━━━━━━━━━━━━━━━━━━━━━━━━━━━━━━━━━ 65.6/65.6 kB 2.6 MB/s eta 0:00:00
#9 110.3 Collecting datasets==2.21.0
#9 110.3   Downloading datasets-2.21.0-py3-none-any.whl (527 kB)
#9 110.5      ━━━━━━━━━━━━━━━━━━━━━━━━━━━━━━━━━━━━━━━ 527.3/527.3 kB 2.4 MB/s eta 0:00:00
#9 110.8 Collecting pyarrow==21.0.0
#9 110.8   Downloading pyarrow-21.0.0-cp310-cp310-manylinux_2_28_x86_64.whl (42.7 MB)
#9 128.9      ━━━━━━━━━━━━━━━━━━━━━━━━━━━━━━━━━━━━━━━━ 42.7/42.7 MB 2.4 MB/s eta 0:00:00
#9 129.0 Collecting openpyxl==3.1.5
#9 129.0   Downloading openpyxl-3.1.5-py2.py3-none-any.whl (250 kB)
#9 129.1      ━━━━━━━━━━━━━━━━━━━━━━━━━━━━━━━━━━━━━━━ 250.9/250.9 kB 2.4 MB/s eta 0:00:00
#9 129.1 Collecting et_xmlfile==2.0.0
#9 129.1   Downloading et_xmlfile-2.0.0-py3-none-any.whl (18 kB)
#9 129.5 Collecting xxhash==3.7.0
#9 129.5   Downloading xxhash-3.7.0-cp310-cp310-manylinux2014_x86_64.manylinux_2_17_x86_64.manylinux_2_28_x86_64.whl (193 kB)
#9 129.6      ━━━━━━━━━━━━━━━━━━━━━━━━━━━━━━━━━━━━━━━ 193.3/193.3 kB 2.3 MB/s eta 0:00:00
#9 129.6 Collecting dill==0.3.8
#9 129.6   Downloading dill-0.3.8-py3-none-any.whl (116 kB)
#9 129.6      ━━━━━━━━━━━━━━━━━━━━━━━━━━━━━━━━━━━━━━━ 116.3/116.3 kB 2.5 MB/s eta 0:00:00
#9 129.7 Collecting multiprocess==0.70.16
#9 129.7   Downloading multiprocess-0.70.16-py310-none-any.whl (134 kB)
#9 129.7      ━━━━━━━━━━━━━━━━━━━━━━━━━━━━━━━━━━━━━━━ 134.8/134.8 kB 2.5 MB/s eta 0:00:00
#9 129.8 Collecting fsspec==2024.6.1
#9 129.8   Downloading fsspec-2024.6.1-py3-none-any.whl (177 kB)
#9 129.9      ━━━━━━━━━━━━━━━━━━━━━━━━━━━━━━━━━━━━━━━ 177.6/177.6 kB 2.3 MB/s eta 0:00:00
#9 130.3 Collecting matplotlib==3.9.4
#9 130.3   Downloading matplotlib-3.9.4-cp310-cp310-manylinux_2_17_x86_64.manylinux2014_x86_64.whl (8.3 MB)
#9 133.8      ━━━━━━━━━━━━━━━━━━━━━━━━━━━━━━━━━━━━━━━━ 8.3/8.3 MB 2.4 MB/s eta 0:00:00
#9 133.8 Collecting seaborn==0.13.2
#9 133.8   Downloading seaborn-0.13.2-py3-none-any.whl (294 kB)
#9 133.9      ━━━━━━━━━━━━━━━━━━━━━━━━━━━━━━━━━━━━━━━ 294.9/294.9 kB 2.6 MB/s eta 0:00:00
#9 134.1 Collecting contourpy==1.3.0
#9 134.1   Downloading contourpy-1.3.0-cp310-cp310-manylinux_2_17_x86_64.manylinux2014_x86_64.whl (322 kB)
#9 134.3      ━━━━━━━━━━━━━━━━━━━━━━━━━━━━━━━━━━━━━━━ 322.0/322.0 kB 2.4 MB/s eta 0:00:00
#9 134.5 Collecting kiwisolver==1.4.7
#9 134.5   Downloading kiwisolver-1.4.7-cp310-cp310-manylinux_2_12_x86_64.manylinux2010_x86_64.whl (1.6 MB)
#9 135.2      ━━━━━━━━━━━━━━━━━━━━━━━━━━━━━━━━━━━━━━━━ 1.6/1.6 MB 2.4 MB/s eta 0:00:00
#9 135.6 Collecting fonttools==4.60.2
#9 135.6   Downloading fonttools-4.60.2-cp310-cp310-manylinux2014_x86_64.manylinux_2_17_x86_64.whl (4.9 MB)
#9 137.7      ━━━━━━━━━━━━━━━━━━━━━━━━━━━━━━━━━━━━━━━━ 4.9/4.9 MB 2.4 MB/s eta 0:00:00
#9 137.7 Collecting cycler==0.12.1
#9 137.7   Downloading cycler-0.12.1-py3-none-any.whl (8.3 kB)
#9 137.7 Collecting pyparsing==3.3.2
#9 137.7   Downloading pyparsing-3.3.2-py3-none-any.whl (122 kB)
#9 137.8      ━━━━━━━━━━━━━━━━━━━━━━━━━━━━━━━━━━━━━━━ 122.8/122.8 kB 2.6 MB/s eta 0:00:00
#9 138.0 Collecting scikit-learn==1.6.1
#9 138.0   Downloading scikit_learn-1.6.1-cp310-cp310-manylinux_2_17_x86_64.manylinux2014_x86_64.whl (13.5 MB)
#9 143.8      ━━━━━━━━━━━━━━━━━━━━━━━━━━━━━━━━━━━━━━━━ 13.5/13.5 MB 2.4 MB/s eta 0:00:00
#9 144.0 Collecting scikit-misc==0.3.1
#9 144.0   Downloading scikit_misc-0.3.1-cp310-cp310-manylinux_2_17_x86_64.manylinux2014_x86_64.whl (10.8 MB)
#9 148.6      ━━━━━━━━━━━━━━━━━━━━━━━━━━━━━━━━━━━━━━━━ 10.8/10.8 MB 2.4 MB/s eta 0:00:00
#9 148.7 Collecting statsmodels==0.14.6
#9 148.7   Downloading statsmodels-0.14.6-cp310-cp310-manylinux2014_x86_64.manylinux_2_17_x86_64.manylinux_2_28_x86_64.whl (10.4 MB)
#9 153.1      ━━━━━━━━━━━━━━━━━━━━━━━━━━━━━━━━━━━━━━━━ 10.4/10.4 MB 2.4 MB/s eta 0:00:00
#9 153.2 Collecting patsy==1.0.2
#9 153.2   Downloading patsy-1.0.2-py2.py3-none-any.whl (233 kB)
#9 153.3      ━━━━━━━━━━━━━━━━━━━━━━━━━━━━━━━━━━━━━━━ 233.3/233.3 kB 2.4 MB/s eta 0:00:00
#9 153.3 Collecting threadpoolctl==3.6.0
#9 153.3   Downloading threadpoolctl-3.6.0-py3-none-any.whl (18 kB)
#9 153.3 Collecting joblib==1.5.3
#9 153.3   Downloading joblib-1.5.3-py3-none-any.whl (309 kB)
#9 153.5      ━━━━━━━━━━━━━━━━━━━━━━━━━━━━━━━━━━━━━━━ 309.1/309.1 kB 2.4 MB/s eta 0:00:00
#9 154.0 Collecting faiss-gpu==1.7.2
#9 154.0   Downloading faiss_gpu-1.7.2-cp310-cp310-manylinux_2_17_x86_64.manylinux2014_x86_64.whl (85.5 MB)
#9 190.3      ━━━━━━━━━━━━━━━━━━━━━━━━━━━━━━━━━━━━━━━━ 85.5/85.5 MB 2.4 MB/s eta 0:00:00
#9 190.8 Collecting wandb==0.21.4
#9 190.8   Downloading wandb-0.21.4-py3-none-manylinux_2_17_x86_64.manylinux2014_x86_64.whl (19.6 MB)
#9 199.1      ━━━━━━━━━━━━━━━━━━━━━━━━━━━━━━━━━━━━━━━━ 19.6/19.6 MB 2.4 MB/s eta 0:00:00
#9 199.2 Collecting GitPython==3.1.50
#9 199.2   Downloading gitpython-3.1.50-py3-none-any.whl (212 kB)
#9 199.3      ━━━━━━━━━━━━━━━━━━━━━━━━━━━━━━━━━━━━━━━ 212.5/212.5 kB 2.3 MB/s eta 0:00:00
#9 199.3 Collecting gitdb==4.0.12
#9 199.3   Downloading gitdb-4.0.12-py3-none-any.whl (62 kB)
#9 199.3      ━━━━━━━━━━━━━━━━━━━━━━━━━━━━━━━━━━━━━━━━ 62.8/62.8 kB 2.5 MB/s eta 0:00:00
#9 199.3 Collecting smmap==5.0.3
#9 199.3   Downloading smmap-5.0.3-py3-none-any.whl (24 kB)
#9 199.5 Collecting sentry-sdk==2.61.1
#9 199.5   Downloading sentry_sdk-2.61.1-py3-none-any.whl (483 kB)
#9 199.7      ━━━━━━━━━━━━━━━━━━━━━━━━━━━━━━━━━━━━━━━ 483.7/483.7 kB 2.4 MB/s eta 0:00:00
#9 199.7 Collecting tqdm==4.67.3
#9 199.7   Downloading tqdm-4.67.3-py3-none-any.whl (78 kB)
#9 199.8      ━━━━━━━━━━━━━━━━━━━━━━━━━━━━━━━━━━━━━━━━ 78.4/78.4 kB 2.5 MB/s eta 0:00:00
#9 199.9 Collecting PyYAML==6.0.1
#9 199.9   Downloading PyYAML-6.0.1-cp310-cp310-manylinux_2_17_x86_64.manylinux2014_x86_64.whl (705 kB)
#9 200.2      ━━━━━━━━━━━━━━━━━━━━━━━━━━━━━━━━━━━━━━━ 705.5/705.5 kB 2.4 MB/s eta 0:00:00
#9 200.2 Collecting typer==0.12.5
#9 200.2   Downloading typer-0.12.5-py3-none-any.whl (47 kB)
#9 200.2      ━━━━━━━━━━━━━━━━━━━━━━━━━━━━━━━━━━━━━━━━ 47.3/47.3 kB 2.7 MB/s eta 0:00:00
#9 200.2 Collecting click
#9 200.3   Downloading click-8.4.2-py3-none-any.whl (119 kB)
#9 200.3      ━━━━━━━━━━━━━━━━━━━━━━━━━━━━━━━━━━━━━━━ 119.2/119.2 kB 2.7 MB/s eta 0:00:00
#9 200.4 Collecting rich==15.0.0
#9 200.4   Downloading rich-15.0.0-py3-none-any.whl (310 kB)
#9 200.5      ━━━━━━━━━━━━━━━━━━━━━━━━━━━━━━━━━━━━━━━ 310.7/310.7 kB 2.3 MB/s eta 0:00:00
#9 200.6 Collecting markdown-it-py==3.0.0
#9 200.6   Downloading markdown_it_py-3.0.0-py3-none-any.whl (87 kB)
#9 200.6      ━━━━━━━━━━━━━━━━━━━━━━━━━━━━━━━━━━━━━━━━ 87.5/87.5 kB 2.7 MB/s eta 0:00:00
#9 200.6 Collecting mdurl==0.1.2
#9 200.6   Downloading mdurl-0.1.2-py3-none-any.whl (10.0 kB)
#9 201.1 Collecting pydantic==2.13.4
#9 201.1   Downloading pydantic-2.13.4-py3-none-any.whl (472 kB)
#9 201.3      ━━━━━━━━━━━━━━━━━━━━━━━━━━━━━━━━━━━━━━━ 472.3/472.3 kB 2.3 MB/s eta 0:00:00
#9 203.4 Collecting pydantic_core==2.46.4
#9 203.4   Downloading pydantic_core-2.46.4-cp310-cp310-manylinux_2_17_x86_64.manylinux2014_x86_64.whl (2.1 MB)
#9 204.3      ━━━━━━━━━━━━━━━━━━━━━━━━━━━━━━━━━━━━━━━━ 2.1/2.1 MB 2.4 MB/s eta 0:00:00
#9 204.3 Collecting typing_extensions==4.15.0
#9 204.3   Downloading typing_extensions-4.15.0-py3-none-any.whl (44 kB)
#9 204.3      ━━━━━━━━━━━━━━━━━━━━━━━━━━━━━━━━━━━━━━━━ 44.6/44.6 kB 2.5 MB/s eta 0:00:00
#9 204.4 Collecting typing-inspection==0.4.2
#9 204.4   Downloading typing_inspection-0.4.2-py3-none-any.whl (14 kB)
#9 204.4 Collecting annotated-types==0.7.0
#9 204.4   Downloading annotated_types-0.7.0-py3-none-any.whl (13 kB)
#9 204.4 Collecting shellingham==1.5.4
#9 204.4   Downloading shellingham-1.5.4-py2.py3-none-any.whl (9.8 kB)
#9 204.4 Collecting packaging==26.2
#9 204.4   Downloading packaging-26.2-py3-none-any.whl (100 kB)
#9 204.5      ━━━━━━━━━━━━━━━━━━━━━━━━━━━━━━━━━━━━━━━ 100.2/100.2 kB 2.5 MB/s eta 0:00:00
#9 204.5 Collecting filelock==3.19.1
#9 204.5   Downloading filelock-3.19.1-py3-none-any.whl (15 kB)
#9 204.6 Collecting requests==2.32.5
#9 204.6   Downloading requests-2.32.5-py3-none-any.whl (64 kB)
#9 204.6      ━━━━━━━━━━━━━━━━━━━━━━━━━━━━━━━━━━━━━━━━ 64.7/64.7 kB 2.7 MB/s eta 0:00:00
#9 204.6 Collecting urllib3==2.6.0
#9 204.6   Downloading urllib3-2.6.0-py3-none-any.whl (131 kB)
#9 204.7      ━━━━━━━━━━━━━━━━━━━━━━━━━━━━━━━━━━━━━━━ 131.1/131.1 kB 2.4 MB/s eta 0:00:00
#9 204.7 Collecting idna==3.10
#9 204.7   Downloading idna-3.10-py3-none-any.whl (70 kB)
#9 204.7      ━━━━━━━━━━━━━━━━━━━━━━━━━━━━━━━━━━━━━━━━ 70.4/70.4 kB 2.8 MB/s eta 0:00:00
#9 205.0 Collecting charset-normalizer==3.4.4
#9 205.1   Downloading charset_normalizer-3.4.4-cp310-cp310-manylinux2014_x86_64.manylinux_2_17_x86_64.manylinux_2_28_x86_64.whl (153 kB)
#9 205.1      ━━━━━━━━━━━━━━━━━━━━━━━━━━━━━━━━━━━━━━━ 153.6/153.6 kB 2.5 MB/s eta 0:00:00
#9 205.1 Collecting certifi==2025.11.12
#9 205.1   Downloading certifi-2025.11.12-py3-none-any.whl (159 kB)
#9 205.2      ━━━━━━━━━━━━━━━━━━━━━━━━━━━━━━━━━━━━━━━ 159.4/159.4 kB 2.3 MB/s eta 0:00:00
#9 205.2 Collecting six==1.17.0
#9 205.2   Downloading six-1.17.0-py2.py3-none-any.whl (11 kB)
#9 205.3 Collecting python-dateutil==2.9.0.post0
#9 205.3   Downloading python_dateutil-2.9.0.post0-py2.py3-none-any.whl (229 kB)
#9 205.4      ━━━━━━━━━━━━━━━━━━━━━━━━━━━━━━━━━━━━━━━ 229.9/229.9 kB 2.3 MB/s eta 0:00:00
#9 205.4 Collecting pytz==2025.2
#9 205.4   Downloading pytz-2025.2-py2.py3-none-any.whl (509 kB)
#9 205.6      ━━━━━━━━━━━━━━━━━━━━━━━━━━━━━━━━━━━━━━━ 509.2/509.2 kB 2.4 MB/s eta 0:00:00
#9 205.7 Collecting tzdata==2026.2
#9 205.7   Downloading tzdata-2026.2-py2.py3-none-any.whl (349 kB)
#9 205.8      ━━━━━━━━━━━━━━━━━━━━━━━━━━━━━━━━━━━━━━━ 349.3/349.3 kB 2.3 MB/s eta 0:00:00
#9 205.9 Collecting gdown==5.2.2
#9 205.9   Downloading gdown-5.2.2-py3-none-any.whl (18 kB)
#9 205.9 Collecting humanize==4.13.0
#9 205.9   Downloading humanize-4.13.0-py3-none-any.whl (128 kB)
#9 205.9      ━━━━━━━━━━━━━━━━━━━━━━━━━━━━━━━━━━━━━━━ 128.9/128.9 kB 2.4 MB/s eta 0:00:00
#9 206.0 Collecting Deprecated==1.3.1
#9 206.0   Downloading deprecated-1.3.1-py2.py3-none-any.whl (11 kB)
#9 206.8 Collecting wrapt==1.17.3
#9 206.8   Downloading wrapt-1.17.3-cp310-cp310-manylinux1_x86_64.manylinux_2_28_x86_64.manylinux_2_5_x86_64.whl (81 kB)
#9 206.9      ━━━━━━━━━━━━━━━━━━━━━━━━━━━━━━━━━━━━━━━━ 82.0/82.0 kB 2.7 MB/s eta 0:00:00
#9 206.9 Collecting overrides==7.7.0
#9 206.9   Downloading overrides-7.7.0-py3-none-any.whl (17 kB)
#9 206.9 Requirement already satisfied: sortedcontainers==2.4.0 in /opt/conda/lib/python3.10/site-packages (from -r /tmp/requirements.txt (line 155)) (2.4.0)
#9 206.9 Collecting multipledispatch==1.0.0
#9 206.9   Downloading multipledispatch-1.0.0-py3-none-any.whl (12 kB)
#9 206.9 Collecting array-api-compat==1.11.2
#9 206.9   Downloading array_api_compat-1.11.2-py3-none-any.whl (53 kB)
#9 206.9      ━━━━━━━━━━━━━━━━━━━━━━━━━━━━━━━━━━━━━━━━ 53.1/53.1 kB 3.0 MB/s eta 0:00:00
#9 207.0 Collecting cached-property==2.0.1
#9 207.0   Downloading cached_property-2.0.1-py3-none-any.whl (7.4 kB)
#9 207.0 Collecting lark==1.3.1
#9 207.0   Downloading lark-1.3.1-py3-none-any.whl (113 kB)
#9 207.0      ━━━━━━━━━━━━━━━━━━━━━━━━━━━━━━━━━━━━━━━ 113.2/113.2 kB 2.5 MB/s eta 0:00:00
#9 207.0 Requirement already satisfied: dnspython==2.3.0 in /opt/conda/lib/python3.10/site-packages (from -r /tmp/requirements.txt (line 160)) (2.3.0)
#9 207.2 Collecting huggingface_hub==1.8.0
#9 207.2   Downloading huggingface_hub-1.8.0-py3-none-any.whl (625 kB)
#9 207.4      ━━━━━━━━━━━━━━━━━━━━━━━━━━━━━━━━━━━━━━━ 625.2/625.2 kB 2.3 MB/s eta 0:00:00
#9 207.5 Collecting hf-xet==1.5.0
#9 207.5   Downloading hf_xet-1.5.0-cp37-abi3-manylinux2014_x86_64.manylinux_2_17_x86_64.whl (4.5 MB)
#9 209.4      ━━━━━━━━━━━━━━━━━━━━━━━━━━━━━━━━━━━━━━━━ 4.5/4.5 MB 2.4 MB/s eta 0:00:00
#9 209.9 Collecting session-info
#9 209.9   Downloading session_info-1.0.1-py3-none-any.whl (9.1 kB)
#9 209.9 Requirement already satisfied: networkx>=2.7 in /opt/conda/lib/python3.10/site-packages (from scanpy==1.10.3->-r /tmp/requirements.txt (line 38)) (3.1)
#9 210.1 Collecting cell-gears<0.0.3
#9 210.1   Downloading cell-gears-0.0.2.tar.gz (25 kB)
#9 210.1   Preparing metadata (setup.py): started
#9 210.4   Preparing metadata (setup.py): finished with status 'done'
#9 210.4 Requirement already satisfied: torchtext in /opt/conda/lib/python3.10/site-packages (from scgpt==0.2.4->-r /tmp/requirements.txt (line 39)) (0.15.2)
#9 210.4 Requirement already satisfied: torch>=1.13.0 in /opt/conda/lib/python3.10/site-packages (from scgpt==0.2.4->-r /tmp/requirements.txt (line 39)) (2.0.1)
#9 210.4 Collecting texttable>=1.6.2
#9 210.4   Downloading texttable-1.7.0-py2.py3-none-any.whl (10 kB)
#9 210.6 Collecting pydot
#9 210.6   Downloading pydot-4.0.1-py3-none-any.whl (37 kB)
#9 210.9 Collecting absl-py>=0.7.1
#9 210.9   Downloading absl_py-2.5.0-py3-none-any.whl (137 kB)
#9 210.9      ━━━━━━━━━━━━━━━━━━━━━━━━━━━━━━━━━━━━━━━ 137.4/137.4 kB 2.5 MB/s eta 0:00:00
#9 210.9 Collecting etils[epy]
#9 210.9   Downloading etils-1.13.0-py3-none-any.whl (170 kB)
#9 211.0      ━━━━━━━━━━━━━━━━━━━━━━━━━━━━━━━━━━━━━━━ 170.6/170.6 kB 2.4 MB/s eta 0:00:00
#9 211.0 Requirement already satisfied: toolz>=0.9.0 in /opt/conda/lib/python3.10/site-packages (from chex==0.1.90->-r /tmp/requirements.txt (line 64)) (0.12.0)
#9 211.1 Collecting importlib_resources
#9 211.1   Downloading importlib_resources-7.1.0-py3-none-any.whl (37 kB)
#9 211.1 Collecting nest_asyncio
#9 211.1   Downloading nest_asyncio-1.6.0-py3-none-any.whl (5.2 kB)
#9 211.6 Collecting protobuf
#9 211.6   Downloading protobuf-7.35.1-cp310-abi3-manylinux2014_x86_64.whl (327 kB)
#9 211.7      ━━━━━━━━━━━━━━━━━━━━━━━━━━━━━━━━━━━━━━━ 327.1/327.1 kB 2.4 MB/s eta 0:00:00
#9 211.8 Collecting contextlib2
#9 211.8   Downloading contextlib2-21.6.0-py2.py3-none-any.whl (13 kB)
#9 212.0 Collecting fsspec[http]>2021.06.0
#9 212.0   Downloading fsspec-2026.6.0-py3-none-any.whl (203 kB)
#9 212.1      ━━━━━━━━━━━━━━━━━━━━━━━━━━━━━━━━━━━━━━━ 203.9/203.9 kB 2.7 MB/s eta 0:00:00
#9 212.2 Requirement already satisfied: setuptools in /opt/conda/lib/python3.10/site-packages (from lightning-utilities==0.15.2->-r /tmp/requirements.txt (line 83)) (65.6.3)
#9 214.0 Collecting aiohttp
#9 214.0   Downloading aiohttp-3.14.2-cp310-cp310-manylinux2014_x86_64.manylinux_2_17_x86_64.manylinux_2_28_x86_64.whl (1.7 MB)
#9 214.8      ━━━━━━━━━━━━━━━━━━━━━━━━━━━━━━━━━━━━━━━━ 1.7/1.7 MB 2.4 MB/s eta 0:00:00
#9 214.9 Requirement already satisfied: pillow>=8 in /opt/conda/lib/python3.10/site-packages (from matplotlib==3.9.4->-r /tmp/requirements.txt (line 97)) (9.4.0)
#9 215.4 Collecting platformdirs
#9 215.4   Downloading platformdirs-4.11.0-py3-none-any.whl (23 kB)
#9 215.4 Collecting protobuf
#9 215.5   Downloading protobuf-6.33.6-cp39-abi3-manylinux2014_x86_64.whl (323 kB)
#9 215.6      ━━━━━━━━━━━━━━━━━━━━━━━━━━━━━━━━━━━━━━━ 323.4/323.4 kB 2.4 MB/s eta 0:00:00
#9 215.8 Requirement already satisfied: pygments<3.0.0,>=2.13.0 in /opt/conda/lib/python3.10/site-packages (from rich==15.0.0->-r /tmp/requirements.txt (line 130)) (2.15.1)
#9 216.0 Requirement already satisfied: requests[socks] in /opt/conda/lib/python3.10/site-packages (from gdown==5.2.2->-r /tmp/requirements.txt (line 150)) (2.29.0)
#9 216.0 Requirement already satisfied: beautifulsoup4 in /opt/conda/lib/python3.10/site-packages (from gdown==5.2.2->-r /tmp/requirements.txt (line 150)) (4.12.2)
#9 216.3 Collecting httpx<1,>=0.23.0
#9 216.3   Downloading httpx-0.28.1-py3-none-any.whl (73 kB)
#9 216.3      ━━━━━━━━━━━━━━━━━━━━━━━━━━━━━━━━━━━━━━━━ 73.5/73.5 kB 2.2 MB/s eta 0:00:00
#9 216.6 Collecting propcache>=0.2.0
#9 216.6   Downloading propcache-0.5.2-cp310-cp310-manylinux2014_x86_64.manylinux_2_17_x86_64.manylinux_2_28_x86_64.whl (60 kB)
#9 216.6      ━━━━━━━━━━━━━━━━━━━━━━━━━━━━━━━━━━━━━━━━ 60.1/60.1 kB 2.3 MB/s eta 0:00:00
#9 216.8 Collecting frozenlist>=1.1.1
#9 216.8   Downloading frozenlist-1.8.0-cp310-cp310-manylinux1_x86_64.manylinux_2_28_x86_64.manylinux_2_5_x86_64.whl (219 kB)
#9 216.9      ━━━━━━━━━━━━━━━━━━━━━━━━━━━━━━━━━━━━━━━ 219.5/219.5 kB 2.4 MB/s eta 0:00:00
#9 216.9 Collecting async-timeout<6.0,>=4.0
#9 216.9   Downloading async_timeout-5.0.1-py3-none-any.whl (6.2 kB)
#9 216.9 Collecting aiosignal>=1.4.0
#9 216.9   Downloading aiosignal-1.4.0-py3-none-any.whl (7.5 kB)
#9 217.8 Collecting yarl<2.0,>=1.17.0
#9 217.9   Downloading yarl-1.24.5-cp310-cp310-manylinux2014_x86_64.manylinux_2_17_x86_64.manylinux_2_28_x86_64.whl (110 kB)
#9 217.9      ━━━━━━━━━━━━━━━━━━━━━━━━━━━━━━━━━━━━━━━ 110.8/110.8 kB 2.3 MB/s eta 0:00:00
#9 217.9 Collecting aiohappyeyeballs>=2.5.0
#9 217.9   Downloading aiohappyeyeballs-2.7.1-py3-none-any.whl (15 kB)
#9 217.9 Requirement already satisfied: attrs>=17.3.0 in /opt/conda/lib/python3.10/site-packages (from aiohttp->datasets==2.21.0->-r /tmp/requirements.txt (line 87)) (23.1.0)
#9 218.6 Collecting multidict<7.0,>=4.5
#9 218.6   Downloading multidict-6.7.1-cp310-cp310-manylinux2014_x86_64.manylinux_2_17_x86_64.manylinux_2_28_x86_64.whl (243 kB)
#9 218.7      ━━━━━━━━━━━━━━━━━━━━━━━━━━━━━━━━━━━━━━━ 243.3/243.3 kB 2.5 MB/s eta 0:00:00
#9 218.8 Collecting anyio
#9 218.8   Downloading anyio-4.14.2-py3-none-any.whl (125 kB)
#9 218.8      ━━━━━━━━━━━━━━━━━━━━━━━━━━━━━━━━━━━━━━━ 125.8/125.8 kB 2.2 MB/s eta 0:00:00
#9 218.9 Collecting httpcore==1.*
#9 218.9   Downloading httpcore-1.0.9-py3-none-any.whl (78 kB)
#9 218.9      ━━━━━━━━━━━━━━━━━━━━━━━━━━━━━━━━━━━━━━━━ 78.8/78.8 kB 2.4 MB/s eta 0:00:00
#9 218.9 Collecting h11>=0.16
#9 218.9   Downloading h11-0.16.0-py3-none-any.whl (37 kB)
#9 219.0 Requirement already satisfied: sympy in /opt/conda/lib/python3.10/site-packages (from torch>=1.13.0->scgpt==0.2.4->-r /tmp/requirements.txt (line 39)) (1.12)
#9 219.0 Requirement already satisfied: jinja2 in /opt/conda/lib/python3.10/site-packages (from torch>=1.13.0->scgpt==0.2.4->-r /tmp/requirements.txt (line 39)) (3.1.2)
#9 219.0 Requirement already satisfied: soupsieve>1.2 in /opt/conda/lib/python3.10/site-packages (from beautifulsoup4->gdown==5.2.2->-r /tmp/requirements.txt (line 150)) (2.4)
#9 219.1 Collecting etils[epath,epy]
#9 219.1   Downloading etils-1.12.2-py3-none-any.whl (167 kB)
#9 219.2      ━━━━━━━━━━━━━━━━━━━━━━━━━━━━━━━━━━━━━━━ 167.6/167.6 kB 2.4 MB/s eta 0:00:00
#9 219.2   Downloading etils-1.12.1-py3-none-any.whl (167 kB)
#9 219.3      ━━━━━━━━━━━━━━━━━━━━━━━━━━━━━━━━━━━━━━━ 167.6/167.6 kB 2.4 MB/s eta 0:00:00
#9 219.4   Downloading etils-1.12.0-py3-none-any.whl (166 kB)
#9 219.4      ━━━━━━━━━━━━━━━━━━━━━━━━━━━━━━━━━━━━━━━ 166.6/166.6 kB 2.5 MB/s eta 0:00:00
#9 219.5   Downloading etils-1.11.0-py3-none-any.whl (165 kB)
#9 219.5      ━━━━━━━━━━━━━━━━━━━━━━━━━━━━━━━━━━━━━━━ 165.4/165.4 kB 2.4 MB/s eta 0:00:00
#9 219.6   Downloading etils-1.10.0-py3-none-any.whl (164 kB)
#9 219.7      ━━━━━━━━━━━━━━━━━━━━━━━━━━━━━━━━━━━━━━━ 164.9/164.9 kB 2.4 MB/s eta 0:00:00
#9 219.7   Downloading etils-1.9.4-py3-none-any.whl (164 kB)
#9 219.8      ━━━━━━━━━━━━━━━━━━━━━━━━━━━━━━━━━━━━━━━ 164.3/164.3 kB 2.4 MB/s eta 0:00:00
#9 219.8   Downloading etils-1.7.0-py3-none-any.whl (152 kB)
#9 219.9      ━━━━━━━━━━━━━━━━━━━━━━━━━━━━━━━━━━━━━━━ 152.4/152.4 kB 2.5 MB/s eta 0:00:00
#9 219.9   Downloading etils-1.6.0-py3-none-any.whl (144 kB)
#9 220.0      ━━━━━━━━━━━━━━━━━━━━━━━━━━━━━━━━━━━━━━━ 144.9/144.9 kB 2.4 MB/s eta 0:00:00
#9 220.1 Collecting zipp
#9 220.1   Downloading zipp-4.1.0-py3-none-any.whl (10 kB)
#9 220.2 Collecting requests[socks]
#9 220.2   Downloading requests-2.34.2-py3-none-any.whl (73 kB)
#9 220.2      ━━━━━━━━━━━━━━━━━━━━━━━━━━━━━━━━━━━━━━━━ 73.1/73.1 kB 2.2 MB/s eta 0:00:00
#9 220.2   Downloading requests-2.34.1-py3-none-any.whl (73 kB)
#9 220.3      ━━━━━━━━━━━━━━━━━━━━━━━━━━━━━━━━━━━━━━━━ 73.1/73.1 kB 2.2 MB/s eta 0:00:00
#9 220.3   Downloading requests-2.34.0-py3-none-any.whl (73 kB)
#9 220.3      ━━━━━━━━━━━━━━━━━━━━━━━━━━━━━━━━━━━━━━━━ 73.0/73.0 kB 2.3 MB/s eta 0:00:00
#9 220.3   Downloading requests-2.33.1-py3-none-any.whl (64 kB)
#9 220.3      ━━━━━━━━━━━━━━━━━━━━━━━━━━━━━━━━━━━━━━━━ 64.9/64.9 kB 2.6 MB/s eta 0:00:00
#9 220.3   Downloading requests-2.33.0-py3-none-any.whl (65 kB)
#9 220.4      ━━━━━━━━━━━━━━━━━━━━━━━━━━━━━━━━━━━━━━━━ 65.0/65.0 kB 2.2 MB/s eta 0:00:00
#9 220.4 Requirement already satisfied: PySocks!=1.5.7,>=1.5.6 in /opt/conda/lib/python3.10/site-packages (from requests==2.32.5->-r /tmp/requirements.txt (line 141)) (1.7.1)
#9 220.4 Collecting stdlib_list
#9 220.4   Downloading stdlib_list-0.12.0-py3-none-any.whl (87 kB)
#9 220.4      ━━━━━━━━━━━━━━━━━━━━━━━━━━━━━━━━━━━━━━━━ 87.6/87.6 kB 2.7 MB/s eta 0:00:00
#9 220.6 Requirement already satisfied: exceptiongroup>=1.0.2 in /opt/conda/lib/python3.10/site-packages (from anyio->httpx<1,>=0.23.0->huggingface_hub==1.8.0->-r /tmp/requirements.txt (line 161)) (1.1.1)
#9 220.6 Requirement already satisfied: MarkupSafe>=2.0 in /opt/conda/lib/python3.10/site-packages (from jinja2->torch>=1.13.0->scgpt==0.2.4->-r /tmp/requirements.txt (line 39)) (2.1.1)
#9 220.7 Requirement already satisfied: mpmath>=0.19 in /opt/conda/lib/python3.10/site-packages (from sympy->torch>=1.13.0->scgpt==0.2.4->-r /tmp/requirements.txt (line 39)) (1.3.0)
#9 220.8 Building wheels for collected packages: docrep, ml_collections, cell-gears
#9 220.8   Building wheel for docrep (setup.py): started
#9 221.1   Building wheel for docrep (setup.py): finished with status 'done'
#9 221.1   Created wheel for docrep: filename=docrep-0.3.2-py3-none-any.whl size=19877 sha256=9f4f868b6803a27dacb7eae67607fe09e3a1a01cdca8e86f2571fa01c09ea97b
#9 221.1   Stored in directory: /tmp/pip-ephem-wheel-cache-q16wn8bt/wheels/c3/64/48/03c38d8d906159eaa210b3c548fdb590eb3e2a4a5745ae2172
#9 221.1   Building wheel for ml_collections (setup.py): started
#9 221.4   Building wheel for ml_collections (setup.py): finished with status 'done'
#9 221.4   Created wheel for ml_collections: filename=ml_collections-0.1.1-py3-none-any.whl size=94506 sha256=a5a1f14cd348ccb84d6e1ebe4fe996c0cd27b90e7ce8f1129ed4226cfc7adc3d
#9 221.4   Stored in directory: /tmp/pip-ephem-wheel-cache-q16wn8bt/wheels/7b/89/c9/a9b87790789e94aadcfc393c283e3ecd5ab916aed0a31be8fe
#9 221.4   Building wheel for cell-gears (setup.py): started
#9 221.7   Building wheel for cell-gears (setup.py): finished with status 'done'
#9 221.7   Created wheel for cell-gears: filename=cell_gears-0.0.2-py3-none-any.whl size=27809 sha256=873f578820902c35bfbee7fcecb84778c350ba30edd69c54e5e798128b6c838d
#9 221.7   Stored in directory: /tmp/pip-ephem-wheel-cache-q16wn8bt/wheels/34/b3/b0/c74d31453a56cd3410980f663cd971fce8ab1ad68e969a5aa2
#9 221.7 Successfully built docrep ml_collections cell-gears
#9 223.2 Installing collected packages: texttable, pytz, pyro-api, multipledispatch, faiss-gpu, zipp, xxhash, wrapt, urllib3, tzdata, typing_extensions, tqdm, threadpoolctl, stdlib_list, smmap, six, shellingham, PyYAML, pyparsing, pyarrow, protobuf, propcache, platformdirs, packaging, overrides, opt_einsum, numpy, nest_asyncio, natsort, msgpack, mdurl, llvmlite, legacy-api-wrap, lark, kiwisolver, joblib, importlib_resources, igraph, idna, humanize, hf-xet, h11, fsspec, frozenlist, fonttools, filelock, etils, et_xmlfile, einops, dill, cycler, contextlib2, click, charset-normalizer, certifi, cached-property, async-timeout, array-api-compat, annotated-types, aiohappyeyeballs, absl-py, typing-inspection, session-info, sentry-sdk, scipy, scikit-misc, requests, python-igraph, python-dateutil, pydot, pydantic_core, patsy, openpyxl, numba, multiprocess, multidict, ml_dtypes, ml_collections, markdown-it-py, lightning-utilities, leidenalg, httpcore, h5py, gitdb, docrep, Deprecated, contourpy, anyio, aiosignal, yarl, torchmetrics, tensorstore, scikit-learn, rich, pyro-ppl, pydantic, pandas, matplotlib, jaxlib, httpx, GitPython, dcor, wandb, typer, statsmodels, seaborn, pynndescent, jax, gdown, anndata, aiohttp, umap-learn, orbax-checkpoint, orbax, numpyro, mudata, huggingface_hub, chex, scanpy, pytorch-lightning, optax, datasets, scib, flax, cell-gears, scvi-tools, scgpt
#9 223.2   Attempting uninstall: pytz
#9 223.2     Found existing installation: pytz 2022.7
#9 223.2     Uninstalling pytz-2022.7:
#9 223.3       Successfully uninstalled pytz-2022.7
#9 224.4   Attempting uninstall: urllib3
#9 224.4     Found existing installation: urllib3 1.26.15
#9 224.4     Uninstalling urllib3-1.26.15:
#9 224.4       Successfully uninstalled urllib3-1.26.15
#9 224.5   Attempting uninstall: typing_extensions
#9 224.5     Found existing installation: typing_extensions 4.5.0
#9 224.5     Uninstalling typing_extensions-4.5.0:
#9 224.6       Successfully uninstalled typing_extensions-4.5.0
#9 224.6   Attempting uninstall: tqdm
#9 224.6     Found existing installation: tqdm 4.65.0
#9 224.6     Uninstalling tqdm-4.65.0:
#9 224.6       Successfully uninstalled tqdm-4.65.0
#9 224.7   Attempting uninstall: six
#9 224.7     Found existing installation: six 1.16.0
#9 224.7     Uninstalling six-1.16.0:
#9 224.8       Successfully uninstalled six-1.16.0
#9 224.8   Attempting uninstall: PyYAML
#9 224.8     Found existing installation: PyYAML 6.0
#9 224.8     Uninstalling PyYAML-6.0:
#9 224.8       Successfully uninstalled PyYAML-6.0
#9 226.0   Attempting uninstall: packaging
#9 226.0     Found existing installation: packaging 23.0
#9 226.0     Uninstalling packaging-23.0:
#9 226.0       Successfully uninstalled packaging-23.0
#9 226.1   Attempting uninstall: numpy
#9 226.1     Found existing installation: numpy 1.24.3
#9 226.2     Uninstalling numpy-1.24.3:
#9 226.3       Successfully uninstalled numpy-1.24.3
#9 228.9   Attempting uninstall: idna
#9 228.9     Found existing installation: idna 3.4
#9 228.9     Uninstalling idna-3.4:
#9 228.9       Successfully uninstalled idna-3.4
#9 229.8   Attempting uninstall: filelock
#9 229.8     Found existing installation: filelock 3.9.0
#9 229.8     Uninstalling filelock-3.9.0:
#9 229.8       Successfully uninstalled filelock-3.9.0
#9 230.0   Attempting uninstall: charset-normalizer
#9 230.0     Found existing installation: charset-normalizer 2.0.4
#9 230.0     Uninstalling charset-normalizer-2.0.4:
#9 230.0       Successfully uninstalled charset-normalizer-2.0.4
#9 230.0   Attempting uninstall: certifi
#9 230.0     Found existing installation: certifi 2023.5.7
#9 230.0     Uninstalling certifi-2023.5.7:
#9 230.0       Successfully uninstalled certifi-2023.5.7
#9 233.3   Attempting uninstall: requests
#9 233.3     Found existing installation: requests 2.29.0
#9 233.3     Uninstalling requests-2.29.0:
#9 233.3       Successfully uninstalled requests-2.29.0
#9 251.2 ERROR: pip's dependency resolver does not currently take into account all the packages that are installed. This behaviour is the source of the following dependency conflicts.
#9 251.2 triton 2.0.0 requires cmake, which is not installed.
#9 251.2 triton 2.0.0 requires lit, which is not installed.
#9 251.2 Successfully installed Deprecated-1.3.1 GitPython-3.1.50 PyYAML-6.0.1 absl-py-2.5.0 aiohappyeyeballs-2.7.1 aiohttp-3.14.2 aiosignal-1.4.0 anndata-0.9.2 annotated-types-0.7.0 anyio-4.14.2 array-api-compat-1.11.2 async-timeout-5.0.1 cached-property-2.0.1 cell-gears-0.0.2 certifi-2025.11.12 charset-normalizer-3.4.4 chex-0.1.90 click-8.4.2 contextlib2-21.6.0 contourpy-1.3.0 cycler-0.12.1 datasets-2.21.0 dcor-0.6 dill-0.3.8 docrep-0.3.2 einops-0.8.2 et_xmlfile-2.0.0 etils-1.5.2 faiss-gpu-1.7.2 filelock-3.19.1 flax-0.8.5 fonttools-4.60.2 frozenlist-1.8.0 fsspec-2024.6.1 gdown-5.2.2 gitdb-4.0.12 h11-0.16.0 h5py-3.14.0 hf-xet-1.5.0 httpcore-1.0.9 httpx-0.28.1 huggingface_hub-1.8.0 humanize-4.13.0 idna-3.10 igraph-1.0.0 importlib_resources-7.1.0 jax-0.4.30 jaxlib-0.4.30 joblib-1.5.3 kiwisolver-1.4.7 lark-1.3.1 legacy-api-wrap-1.5 leidenalg-0.12.0 lightning-utilities-0.15.2 llvmlite-0.43.0 markdown-it-py-3.0.0 matplotlib-3.9.4 mdurl-0.1.2 ml_collections-0.1.1 ml_dtypes-0.5.4 msgpack-1.1.2 mudata-0.2.3 multidict-6.7.1 multipledispatch-1.0.0 multiprocess-0.70.16 natsort-8.4.0 nest_asyncio-1.6.0 numba-0.60.0 numpy-1.26.4 numpyro-0.19.0 openpyxl-3.1.5 opt_einsum-3.4.0 optax-0.2.4 orbax-0.1.7 orbax-checkpoint-0.6.4 overrides-7.7.0 packaging-26.2 pandas-2.3.3 patsy-1.0.2 platformdirs-4.11.0 propcache-0.5.2 protobuf-6.33.6 pyarrow-21.0.0 pydantic-2.13.4 pydantic_core-2.46.4 pydot-4.0.1 pynndescent-0.6.0 pyparsing-3.3.2 pyro-api-0.1.2 pyro-ppl-1.9.1 python-dateutil-2.9.0.post0 python-igraph-1.0.0 pytorch-lightning-1.9.5 pytz-2025.2 requests-2.32.5 rich-15.0.0 scanpy-1.10.3 scgpt-0.2.4 scib-1.1.7 scikit-learn-1.6.1 scikit-misc-0.3.1 scipy-1.13.1 scvi-tools-0.20.3 seaborn-0.13.2 sentry-sdk-2.61.1 session-info-1.0.1 shellingham-1.5.4 six-1.17.0 smmap-5.0.3 statsmodels-0.14.6 stdlib_list-0.12.0 tensorstore-0.1.69 texttable-1.7.0 threadpoolctl-3.6.0 torchmetrics-1.8.2 tqdm-4.67.3 typer-0.12.5 typing-inspection-0.4.2 typing_extensions-4.15.0 tzdata-2026.2 umap-learn-0.5.12 urllib3-2.6.0 wandb-0.21.4 wrapt-1.17.3 xxhash-3.7.0 yarl-1.24.5 zipp-4.1.0
#9 251.2 WARNING: Running pip as the 'root' user can result in broken permissions and conflicting behaviour with the system package manager. It is recommended to use a virtual environment instead: https://pip.pypa.io/warnings/venv
#9 DONE 252.4s

#10 [ 6/10] RUN pip install --no-cache-dir torchtext==0.15.2     --index-url https://download.pytorch.org/whl/cu117     --extra-index-url https://pypi.org/simple
#10 0.465 Looking in indexes: https://download.pytorch.org/whl/cu117, https://pypi.org/simple
#10 0.465 Requirement already satisfied: torchtext==0.15.2 in /opt/conda/lib/python3.10/site-packages (0.15.2)
#10 0.468 Requirement already satisfied: tqdm in /opt/conda/lib/python3.10/site-packages (from torchtext==0.15.2) (4.67.3)
#10 0.468 Requirement already satisfied: requests in /opt/conda/lib/python3.10/site-packages (from torchtext==0.15.2) (2.32.5)
#10 0.468 Requirement already satisfied: torch in /opt/conda/lib/python3.10/site-packages (from torchtext==0.15.2) (2.0.1)
#10 0.468 Requirement already satisfied: numpy in /opt/conda/lib/python3.10/site-packages (from torchtext==0.15.2) (1.26.4)
#10 0.469 Requirement already satisfied: torchdata in /opt/conda/lib/python3.10/site-packages (from torchtext==0.15.2) (0.6.1)
#10 0.476 Requirement already satisfied: charset_normalizer<4,>=2 in /opt/conda/lib/python3.10/site-packages (from requests->torchtext==0.15.2) (3.4.4)
#10 0.476 Requirement already satisfied: urllib3<3,>=1.21.1 in /opt/conda/lib/python3.10/site-packages (from requests->torchtext==0.15.2) (2.6.0)
#10 0.477 Requirement already satisfied: idna<4,>=2.5 in /opt/conda/lib/python3.10/site-packages (from requests->torchtext==0.15.2) (3.10)
#10 0.477 Requirement already satisfied: certifi>=2017.4.17 in /opt/conda/lib/python3.10/site-packages (from requests->torchtext==0.15.2) (2025.11.12)
#10 0.480 Requirement already satisfied: filelock in /opt/conda/lib/python3.10/site-packages (from torch->torchtext==0.15.2) (3.19.1)
#10 0.480 Requirement already satisfied: typing-extensions in /opt/conda/lib/python3.10/site-packages (from torch->torchtext==0.15.2) (4.15.0)
#10 0.480 Requirement already satisfied: sympy in /opt/conda/lib/python3.10/site-packages (from torch->torchtext==0.15.2) (1.12)
#10 0.481 Requirement already satisfied: networkx in /opt/conda/lib/python3.10/site-packages (from torch->torchtext==0.15.2) (3.1)
#10 0.481 Requirement already satisfied: jinja2 in /opt/conda/lib/python3.10/site-packages (from torch->torchtext==0.15.2) (3.1.2)
#10 0.504 Requirement already satisfied: MarkupSafe>=2.0 in /opt/conda/lib/python3.10/site-packages (from jinja2->torch->torchtext==0.15.2) (2.1.1)
#10 0.519 Requirement already satisfied: mpmath>=0.19 in /opt/conda/lib/python3.10/site-packages (from sympy->torch->torchtext==0.15.2) (1.3.0)
#10 1.952 WARNING: Running pip as the 'root' user can result in broken permissions and conflicting behaviour with the system package manager. It is recommended to use a virtual environment instead: https://pip.pypa.io/warnings/venv
#10 DONE 2.8s

#11 [ 7/10] RUN pip install --no-cache-dir ninja
#11 0.529 Collecting ninja
#11 0.564   Downloading ninja-1.13.0-py3-none-manylinux2014_x86_64.manylinux_2_17_x86_64.whl (180 kB)
#11 0.571      ━━━━━━━━━━━━━━━━━━━━━━━━━━━━━━━━━━━━━━ 180.7/180.7 kB 35.0 MB/s eta 0:00:00
#11 2.034 Installing collected packages: ninja
#11 2.069 Successfully installed ninja-1.13.0
#11 2.070 WARNING: Running pip as the 'root' user can result in broken permissions and conflicting behaviour with the system package manager. It is recommended to use a virtual environment instead: https://pip.pypa.io/warnings/venv
#11 DONE 2.2s

#12 [ 8/10] RUN pip install flash-attn==1.0.4 --no-build-isolation
#12 0.509 Collecting flash-attn==1.0.4
#12 0.544   Downloading flash_attn-1.0.4.tar.gz (2.0 MB)
#12 0.601      ━━━━━━━━━━━━━━━━━━━━━━━━━━━━━━━━━━━━━━━━ 2.0/2.0 MB 36.9 MB/s eta 0:00:00
#12 0.970   Preparing metadata (setup.py): started
#12 3.128   Preparing metadata (setup.py): finished with status 'done'
#12 3.131 Requirement already satisfied: torch in /opt/conda/lib/python3.10/site-packages (from flash-attn==1.0.4) (2.0.1)
#12 3.131 Requirement already satisfied: einops in /opt/conda/lib/python3.10/site-packages (from flash-attn==1.0.4) (0.8.2)
#12 3.132 Requirement already satisfied: packaging in /opt/conda/lib/python3.10/site-packages (from flash-attn==1.0.4) (26.2)
#12 3.136 Requirement already satisfied: filelock in /opt/conda/lib/python3.10/site-packages (from torch->flash-attn==1.0.4) (3.19.1)
#12 3.136 Requirement already satisfied: typing-extensions in /opt/conda/lib/python3.10/site-packages (from torch->flash-attn==1.0.4) (4.15.0)
#12 3.136 Requirement already satisfied: sympy in /opt/conda/lib/python3.10/site-packages (from torch->flash-attn==1.0.4) (1.12)
#12 3.137 Requirement already satisfied: networkx in /opt/conda/lib/python3.10/site-packages (from torch->flash-attn==1.0.4) (3.1)
#12 3.137 Requirement already satisfied: jinja2 in /opt/conda/lib/python3.10/site-packages (from torch->flash-attn==1.0.4) (3.1.2)
#12 3.140 Requirement already satisfied: MarkupSafe>=2.0 in /opt/conda/lib/python3.10/site-packages (from jinja2->torch->flash-attn==1.0.4) (2.1.1)
#12 3.155 Requirement already satisfied: mpmath>=0.19 in /opt/conda/lib/python3.10/site-packages (from sympy->torch->flash-attn==1.0.4) (1.3.0)
#12 3.162 Building wheels for collected packages: flash-attn
#12 3.162   Building wheel for flash-attn (setup.py): started
#12 76.65   Building wheel for flash-attn (setup.py): still running...
#12 139.9   Building wheel for flash-attn (setup.py): still running...
#12 235.4   Building wheel for flash-attn (setup.py): still running...
#12 299.4   Building wheel for flash-attn (setup.py): still running...
#12 300.0   Building wheel for flash-attn (setup.py): finished with status 'done'
#12 300.1   Created wheel for flash-attn: filename=flash_attn-1.0.4-cp310-cp310-linux_x86_64.whl size=46791894 sha256=ebdcd40e6a028efcddde60853029b2ccbc460596d56b55f2f096f43be6e8285f
#12 300.1   Stored in directory: /tmp/pip-ephem-wheel-cache-bzlajn4u/wheels/4e/50/c1/e08a34b54b55043120df0c20a690f0f75a36e013349399acc1
#12 300.1 Successfully built flash-attn
#12 301.6 Installing collected packages: flash-attn
#12 302.2 Successfully installed flash-attn-1.0.4
#12 302.2 WARNING: Running pip as the 'root' user can result in broken permissions and conflicting behaviour with the system package manager. It is recommended to use a virtual environment instead: https://pip.pypa.io/warnings/venv
#12 DONE 302.4s

#13 [ 9/10] RUN python -c "import torch; print('torch', torch.__version__, torch.version.cuda)"     && python -c "import flash_attn; print('flash_attn ok')"     && python -c "import scgpt; print('scgpt ok')"     && python -c "from scgpt.tokenizer.gene_tokenizer import GeneVocab; print('scgpt tokenizer (torchtext 의존) ok')"     && python -c "import scanpy; print('scanpy', scanpy.__version__)"     && python -c "import anndata; print('anndata', anndata.__version__)"
#13 1.359 torch 2.0.1 11.7
#13 1.614 flash_attn ok
#13 5.151 scgpt ok
#13 9.221 scgpt tokenizer (torchtext 의존) ok
#13 12.35 scanpy 1.10.3
#13 14.67 anndata 0.9.2
#13 DONE 15.0s

#14 [10/10] COPY src/ /workspace/src/
#14 DONE 0.0s

#15 exporting to image
#15 exporting layers
#15 exporting layers 6.6s done
#15 writing image sha256:8d15cd4de3d391e8798afe1e6897ce334a2f6ccf90ba30559b2aa7fedf405b38 done
#15 naming to docker.io/library/scgpt-toolkit:v0.1 done
#15 DONE 6.6s
